1,1.27E-24,-0.000970358,0.000970358,-7.33E-06
2,0.58606831,-0.78085235,0.19478405,-0.005918579
3,1.1727054,-1.5583739,0.38566849,-0.011846035
4,1.7592196,-2.3325784,0.57335888,-0.017781553
5,2.3455492,-3.1033512,0.75780201,-0.023723337
6,3.0488148,-4.0235897,0.97477493,-0.030859218
7,3.5174093,-4.6341513,1.116742,-0.035618514
8,4.2198486,-5.5454574,1.3256088,-0.04275823
9,4.6877941,-6.1498904,1.4620963,-0.047517221
10,5.155425,-6.7517766,1.5963516,-0.052274496
11,6.0896174,-7.9476961,1.8580787,-0.061780271
12,6.5561163,-8.5416254,1.9855091,-0.066526972
13,7.0221752,-9.1327996,2.1106243,-0.071268359
14,7.4877629,-9.7211688,2.2334059,-0.076003545
15,8.4173996,-10.889297,2.4718975,-0.085451804
16,8.8813862,-11.468961,2.5875746,-0.09016314
17,9.3447768,-12.045629,2.7008522,-0.094864803
18,9.8075403,-12.619256,2.811716,-0.099555945
19,10.269646,-13.189798,2.9201527,-0.10423573
20,10.832802,-13.882016,3.0492142,-0.10993175
21,11.394875,-14.569495,3.1746202,-0.11560812
22,11.955808,-15.252161,3.2963524,-0.12126337
23,12.515546,-15.929941,3.4143946,-0.12689607
24,13.074032,-16.602765,3.5287328,-0.1325048
25,13.631211,-17.270566,3.6393552,-0.13808818
26,14.187027,-17.933279,3.7462523,-0.14364484
27,14.741424,-18.590841,3.8494166,-0.14917346
28,15.294347,-19.24319,3.9488433,-0.15467274
29,15.845741,-19.89027,4.0445295,-0.16014141
30,16.39555,-20.532024,4.1364747,-0.16557823
31,16.943719,-21.1684,4.2246808,-0.170982
32,17.490194,-21.799346,4.3091518,-0.17635155
33,18.03492,-22.424814,4.3898941,-0.18168574
34,18.577843,-23.044759,4.4669163,-0.18698347
35,19.118908,-23.659137,4.5402294,-0.19224368
36,19.658061,-24.267907,4.6098465,-0.19746532
37,20.195248,-24.871031,4.6757831,-0.20264741
38,20.730416,-25.468473,4.7380568,-0.20778899
39,21.26351,-26.060198,4.7966876,-0.21288913
40,21.794479,-26.646176,4.8516974,-0.21794694
41,22.323268,-27.226378,4.9031105,-0.22296159
42,22.849824,-27.800777,4.9509533,-0.22793224
43,23.374096,-28.36935,4.9952542,-0.23285814
44,23.89603,-28.932074,5.0360438,-0.23773855
45,24.415575,-29.488929,5.0733547,-0.24257275
46,24.932678,-30.039899,5.1072213,-0.2473601
47,25.447288,-30.584968,5.1376804,-0.25209995
48,25.959353,-31.124123,5.1647702,-0.25679172
49,26.468822,-31.657353,5.1885311,-0.26143486
50,26.975645,-32.18465,5.2090052,-0.26602885
51,27.479769,-32.706006,5.2262365,-0.2705732
52,27.981146,-33.221417,5.2402705,-0.27506746
53,28.479725,-33.73088,5.2511546,-0.27951123
54,28.975456,-34.234394,5.2589376,-0.28390412
55,29.468289,-34.731959,5.26367,-0.28824579
56,29.958176,-35.22358,5.2654038,-0.29253592
57,30.445066,-35.709259,5.2641923,-0.29677423
58,30.928913,-36.189003,5.2600903,-0.30096047
59,31.409666,-36.66282,5.2531539,-0.30509444
60,31.887279,-37.130719,5.2434405,-0.30917592
61,32.361702,-37.592711,5.2310086,-0.31320478
62,32.83289,-38.048808,5.2159179,-0.31718088
63,33.300794,-38.499024,5.1982293,-0.32110411
64,33.765369,-38.943373,5.1780044,-0.32497442
65,34.226566,-39.381872,5.1553061,-0.32879173
66,34.684341,-39.814539,5.1301978,-0.33255604
67,35.138648,-40.241392,5.1027441,-0.33626735
68,35.589441,-40.662451,5.0730102,-0.33992569
69,36.036675,-41.077737,5.0410619,-0.3435311
70,36.480306,-41.487271,5.0069658,-0.34708365
71,36.920288,-41.891077,4.9707889,-0.35058344
72,37.356578,-42.289177,4.932599,-0.35403059
73,37.789133,-42.681597,4.8924641,-0.35742522
74,38.217909,-43.068361,4.8504526,-0.3607675
75,38.642863,-43.449496,4.8066334,-0.36405758
76,39.063953,-43.825028,4.7610755,-0.36729566
77,39.481136,-44.194984,4.7138482,-0.37048195
78,39.894372,-44.559393,4.6650211,-0.37361666
79,40.303618,-44.918281,4.6146637,-0.37670002
80,40.708833,-45.271679,4.5628457,-0.37973229
81,41.109978,-45.619615,4.5096366,-0.38271373
82,41.507012,-45.962118,4.4551062,-0.3856446
83,41.899895,-46.299219,4.3993239,-0.3885252
84,42.288588,-46.630948,4.3423592,-0.39135582
85,42.673053,-46.957334,4.2842812,-0.39413677
86,43.05325,-47.278409,4.2251589,-0.39686835
87,43.429142,-47.594203,4.1650609,-0.39955091
88,43.800691,-47.904746,4.1040556,-0.40218476
89,44.16786,-48.210071,4.0422111,-0.40477024
90,44.530612,-48.510207,3.979595,-0.40730771
91,44.888911,-48.805185,3.9162743,-0.40979751
92,45.242721,-49.095037,3.8523159,-0.41224
93,45.592007,-49.379793,3.7877858,-0.41463554
94,45.936734,-49.659484,3.7227497,-0.4169845
95,46.276868,-49.93414,3.6572727,-0.41928724
96,46.612373,-50.203792,3.5914192,-0.42154414
97,46.943218,-50.468471,3.525253,-0.42375557
98,47.269368,-50.728205,3.4588372,-0.4259219
99,47.590791,-50.983025,3.3922342,-0.42804352
100,47.907455,-51.232961,3.3255059,-0.43012081
101,48.219329,-51.478042,3.258713,-0.43215413
102,48.52638,-51.718296,3.1919159,-0.43414387
103,48.828579,-51.953753,3.1251739,-0.43609041
104,49.125896,-52.184441,3.0585455,-0.43799412
105,49.418299,-52.410388,2.9920886,-0.43985538
106,49.705761,-52.631621,2.9258598,-0.44167457
107,49.988252,-52.848168,2.8599154,-0.44345205
108,50.265745,-53.060055,2.7943103,-0.4451882
109,50.538211,-53.26731,2.7290987,-0.44688337
110,50.805623,-53.469957,2.6643339,-0.44853795
111,51.067955,-53.668023,2.6000682,-0.45015228
112,51.32518,-53.861533,2.536353,-0.45172672
113,51.577272,-54.050511,2.4732386,-0.45326163
114,51.824207,-54.234982,2.4107745,-0.45475735
115,52.06596,-54.414969,2.349009,-0.45621422
116,52.302505,-54.590495,2.2879897,-0.45763259
117,52.533821,-54.761584,2.2277629,-0.45901279
118,52.759883,-54.928257,2.1683739,-0.46035514
119,52.98067,-55.090537,2.1098673,-0.46165997
120,53.196158,-55.248444,2.0522861,-0.46292759
121,53.406327,-55.402,1.9956728,-0.46415832
122,53.611155,-55.551224,1.9400685,-0.46535246
123,53.810622,-55.696136,1.8855135,-0.46651031
124,54.004708,-55.836755,1.8320467,-0.46763215
125,54.193394,-55.9731,1.7797063,-0.46871829
126,54.37666,-56.10519,1.7285292,-0.46976898
127,54.554489,-56.233041,1.6785513,-0.47078451
128,54.726863,-56.35667,1.6298073,-0.47176514
129,54.893763,-56.476094,1.582331,-0.47271112
130,55.055175,-56.59133,1.5361551,-0.47362271
131,55.211081,-56.702392,1.491311,-0.47450015
132,55.361466,-56.809295,1.4478291,-0.47534367
133,55.506314,-56.912053,1.405739,-0.47615349
134,55.645612,-57.010681,1.3650687,-0.47692985
135,55.779346,-57.105192,1.3258455,-0.47767294
136,55.907502,-57.195597,1.2880953,-0.47838298
137,56.030067,-57.28191,1.2518433,-0.47906015
138,56.147029,-57.364142,1.2171131,-0.47970465
139,56.258376,-57.442304,1.1839276,-0.48031664
140,56.364098,-57.516406,1.1523083,-0.48089631
141,56.464183,-57.586459,1.1222759,-0.48144382
142,56.558622,-57.652472,1.0938497,-0.48195931
143,56.647405,-57.714454,1.0670481,-0.48244294
144,56.730524,-57.772412,1.0418882,-0.48289484
145,56.807969,-57.826356,1.0183863,-0.48331513
146,56.879734,-57.876291,0.99655729,-0.48370394
147,56.945811,-57.922226,0.97641507,-0.48406138
148,57.006193,-57.964165,0.95797244,-0.48438756
149,57.060875,-58.002116,0.94124108,-0.48468255
150,57.10985,-58.036082,0.92623158,-0.48494645
151,57.153115,-58.066068,0.9129534,-0.48517934
152,57.190664,-58.092079,0.90141491,-0.48538128
153,57.222495,-58.114118,0.89162337,-0.48555232
154,57.248603,-58.132188,0.88358491,-0.48569253
155,57.268986,-58.146291,0.8773046,-0.48580193
156,57.283643,-58.156429,0.87278636,-0.48588057
157,57.292571,-58.162604,0.87003302,-0.48592846
158,57.29577,-58.164816,0.86904632,-0.48594561
159,57.293239,-58.163066,0.86982686,-0.48593204
160,57.284979,-58.157354,0.87237416,-0.48588774
161,57.270991,-58.147678,0.87668662,-0.48581269
162,57.251276,-58.134037,0.88276154,-0.48570688
163,57.225835,-58.116431,0.89059512,-0.48557027
164,57.194672,-58.094855,0.90018244,-0.48540282
165,57.15779,-58.069308,0.91151747,-0.48520449
166,57.115192,-58.039785,0.9245931,-0.48497522
167,57.066882,-58.006284,0.93940108,-0.48471494
168,57.012866,-57.968798,0.95593208,-0.48442358
169,56.953149,-57.927324,0.97417564,-0.48410105
170,56.887736,-57.881856,0.99412022,-0.48374726
171,56.816635,-57.832388,1.0157531,-0.48336211
172,56.739852,-57.778912,1.0390607,-0.4829455
173,56.657395,-57.721422,1.0640279,-0.48249729
174,56.569272,-57.659911,1.0906388,-0.48201738
175,56.475492,-57.594369,1.1188764,-0.48150561
176,56.376065,-57.524788,1.1487224,-0.48096184
177,56.271001,-57.451158,1.1801576,-0.48038593
178,56.160309,-57.37347,1.2131615,-0.47977772
179,56.044001,-57.291714,1.2477126,-0.47913702
180,55.922089,-57.205878,1.2837883,-0.47846367
181,55.794585,-57.11595,1.3213649,-0.47775748
182,55.661502,-57.021919,1.3604176,-0.47701825
183,55.522852,-56.923772,1.4009205,-0.47624579
184,55.37865,-56.821496,1.4428464,-0.47543988
185,55.22891,-56.715077,1.4861674,-0.4746003
186,55.073648,-56.604502,1.5308541,-0.47372683
187,54.912878,-56.489754,1.5768763,-0.47281924
188,54.746616,-56.370819,1.6242025,-0.47187728
189,54.574881,-56.247681,1.6728003,-0.47090071
190,54.397687,-56.120324,1.722636,-0.46988926
191,54.215055,-55.98873,1.7736751,-0.46884269
192,54.027,-55.852882,1.8258817,-0.4677607
193,53.833543,-55.712762,1.8792189,-0.46664304
194,53.634703,-55.568352,1.933649,-0.46548941
195,53.430499,-55.419632,1.9891329,-0.46429952
196,53.220952,-55.266583,2.0456306,-0.46307307
197,53.006083,-55.109184,2.103101,-0.46180977
198,52.785914,-54.947416,2.1615019,-0.4605093
199,52.560466,-54.781256,2.2207902,-0.45917134
200,52.329762,-54.610684,2.2809216,-0.45779557
201,52.093825,-54.435676,2.3418509,-0.45638168
202,51.852679,-54.25621,2.4035317,-0.45492931
203,51.606347,-54.072264,2.4659167,-0.45343814
204,51.354855,-53.883813,2.5289578,-0.45190782
205,51.098228,-53.690833,2.5926055,-0.45033801
206,50.836491,-53.4933,2.6568096,-0.44872835
207,50.56967,-53.291188,2.7215188,-0.44707849
208,50.297792,-53.084473,2.786681,-0.44538807
209,50.020884,-52.873127,2.852243,-0.44365672
210,49.738975,-52.657125,2.9181507,-0.44188408
211,49.452091,-52.43644,2.9843491,-0.44006978
212,49.160263,-52.211045,3.0507824,-0.43821344
213,48.863518,-51.980912,3.1173937,-0.4363147
214,48.561887,-51.746013,3.1841255,-0.43437318
215,48.2554,-51.506319,3.2509192,-0.4323885
216,47.944088,-51.261803,3.3177156,-0.43036028
217,47.627981,-51.012435,3.3844546,-0.42828815
218,47.307111,-50.758186,3.4510754,-0.42617172
219,46.981511,-50.499027,3.5175162,-0.42401062
220,46.651212,-50.234927,3.5837148,-0.42180447
221,46.316249,-49.965857,3.649608,-0.4195529
222,45.976653,-49.691786,3.7151323,-0.41725553
223,45.632461,-49.412684,3.7802232,-0.41491198
224,45.283705,-49.12852,3.8448156,-0.41252189
225,44.93042,-48.839265,3.9088442,-0.4100849
226,44.572643,-48.544886,3.9722427,-0.40760064
227,44.210409,-48.245353,4.0349445,-0.40506875
228,43.843753,-47.940635,4.0968825,-0.40248888
229,43.472713,-47.630702,4.1579891,-0.39986069
230,43.097326,-47.315522,4.2181965,-0.39718383
231,42.717629,-46.995065,4.2774362,-0.39445798
232,42.333661,-46.6693,4.3356396,-0.39168281
233,41.945459,-46.338197,4.3927377,-0.388858
234,41.553062,-46.001724,4.4486615,-0.38598325
235,41.156511,-45.659852,4.5033416,-0.38305826
236,40.755844,-45.312552,4.5567083,-0.38008274
237,40.351101,-44.959793,4.6086923,-0.37705641
238,39.942323,-44.601546,4.6592237,-0.37397902
239,39.529551,-44.237784,4.7082329,-0.37085031
240,39.112826,-43.868476,4.7556504,-0.36767006
241,38.692189,-43.493596,4.8014066,-0.36443803
242,38.267684,-43.113116,4.8454322,-0.36115402
243,37.839352,-42.72701,4.8876582,-0.35781785
244,37.407236,-42.335251,4.9280156,-0.35442933
245,36.971379,-41.937815,4.9664359,-0.35098831
246,36.531825,-41.534676,5.0028511,-0.34749467
247,36.088618,-41.125811,5.0371934,-0.34394828
248,35.641802,-40.711198,5.0693957,-0.34034904
249,35.191422,-40.290814,5.0993914,-0.33669688
250,34.737523,-39.864637,5.1271145,-0.33299176
251,34.28015,-39.43265,5.1524997,-0.32923363
252,33.819349,-38.994832,5.1754826,-0.32542249
253,33.355166,-38.551166,5.1959992,-0.32155837
254,32.887648,-38.101635,5.213987,-0.31764131
255,32.416841,-37.646225,5.2293839,-0.31367137
256,31.942793,-37.184922,5.242129,-0.30964867
257,31.46555,-36.717712,5.2521626,-0.30557331
258,30.98516,-36.244586,5.259426,-0.30144546
259,30.501672,-35.765534,5.2638616,-0.29726531
260,30.015134,-35.280547,5.2654131,-0.29303306
261,29.525595,-34.789621,5.2640258,-0.28874896
262,29.033103,-34.292749,5.2596459,-0.28441329
263,28.537707,-33.789929,5.2522215,-0.28002636
264,28.039458,-33.28116,5.2417017,-0.27558851
265,27.538405,-32.766443,5.2280377,-0.27110011
266,27.034598,-32.24578,5.2111818,-0.26656158
267,26.528088,-31.719176,5.1910882,-0.26197336
268,26.018925,-31.186638,5.167713,-0.25733593
269,25.50716,-30.648174,5.1410136,-0.25264981
270,24.992844,-30.103794,5.1109497,-0.24791553
271,24.47603,-29.553512,5.0774825,-0.2431337
272,23.956767,-28.997342,5.0405753,-0.23830493
273,23.435109,-28.435302,5.0001933,-0.23342988
274,22.911107,-27.867411,4.9563036,-0.22850925
275,22.384815,-27.29369,4.9088755,-0.22354377
276,21.856283,-26.714164,4.8578804,-0.21853422
277,21.325567,-26.128858,4.8032914,-0.2134814
278,20.792717,-25.537802,4.7450843,-0.20838615
279,20.257789,-24.941025,4.6832367,-0.20324936
280,19.720834,-24.338563,4.6177283,-0.19807195
281,19.181908,-23.730449,4.5485414,-0.19285487
282,18.641063,-23.116724,4.4756603,-0.18759911
283,18.098355,-22.497426,4.3990714,-0.1823057
284,17.553836,-21.8726,4.3187636,-0.17697571
285,17.007562,-21.24229,4.234728,-0.17161023
286,16.459588,-20.606546,4.1469579,-0.16621039
287,15.909967,-19.965416,4.0554491,-0.16077736
288,15.358755,-19.318955,3.9601993,-0.15531234
289,14.806008,-18.667217,3.861209,-0.14981657
290,14.25178,-18.010261,3.7584804,-0.14429131
291,13.696127,-17.348145,3.6520185,-0.13873785
292,13.139104,-16.680934,3.5418303,-0.13315752
293,12.580768,-16.008693,3.427925,-0.12755168
294,12.021173,-15.331487,3.3103143,-0.1219217
295,11.460376,-14.649388,3.1890118,-0.116269
296,10.898433,-13.962466,3.0640334,-0.11059502
297,10.3354,-13.270798,2.9353974,-0.10490122
298,9.7713341,-12.574458,2.8031239,-0.099189078
299,9.2062908,-11.873526,2.6672354,-0.093460106
300,8.6403268,-11.168083,2.5277563,-0.087715833
301,8.0734988,-10.458212,2.3847131,-0.081957807
302,7.5058635,-9.7439979,2.2381345,-0.076187597
303,6.9374775,-9.0255283,2.0880508,-0.070406786
304,6.3683979,-8.3028925,1.9344946,-0.064616975
305,5.7986814,-7.5761817,1.7775003,-0.058819779
306,5.228385,-6.8454891,1.6171041,-0.053016824
307,4.6575658,-6.1109098,1.453344,-0.047209749
308,4.0862809,-5.3725408,1.2862599,-0.041400203
309,3.5145873,-4.6304806,1.1158933,-0.035589843
310,2.9425423,-3.8848296,0.94228738,-0.029780331
311,2.370203,-3.13569,0.76548703,-0.023973336
312,1.7976267,-2.3831653,0.58553865,-0.018170529
313,1.2248706,-1.6273608,0.40249018,-0.012373586
314,0.65199205,-0.86838309,0.21639103,-0.00658418
315,0.079048303,-0.10634035,0.02729205,-0.000803984
316,-0.49390335,0.65865792,-0.16475457,0.004965332
317,-1.0668056,1.4265009,-0.35969532,0.010722101
318,-1.6396012,2.1970766,-0.55747542,0.016464663
319,-2.2122328,2.9702717,-0.75803888,0.022191367
320,-2.7846432,3.7459718,-0.96132857,0.027900568
321,-3.3567752,4.5240614,-1.1672863,0.033590633
322,-3.9285714,5.3044241,-1.3758527,0.039259941
323,-4.4999748,6.0869423,-1.5869675,0.044906885
324,-5.0709283,6.8714978,-1.8005696,0.050529872
325,-5.6413746,7.6579714,-2.0165968,0.056127327
326,-6.2112568,8.446243,-2.2349862,0.06169769
327,-6.7805179,9.2361919,-2.4556741,0.067239422
328,-7.3491009,10.027697,-2.678596,0.072751006
329,-7.916949,10.820636,-2.9036868,0.078230943
330,-8.4840055,11.614886,-3.1308809,0.083677761
331,-9.0502135,12.410325,-3.3601117,0.08909001
332,-9.6155165,13.206829,-3.5913126,0.094466265
333,-10.179858,14.004274,-3.8244161,0.099805131
334,-10.743182,14.802536,-4.0593544,0.10510524
335,-11.305431,15.60149,-4.2960594,0.11036525
336,-11.866549,16.401012,-4.5344627,0.11558384
337,-12.426481,17.200977,-4.7744952,0.12075975
338,-12.985171,18.001259,-5.0160881,0.12589172
339,-13.542562,18.801734,-5.2591719,0.13097854
340,-14.098598,19.602276,-5.5036773,0.13601902
341,-14.653225,20.40276,-5.7495346,0.14101202
342,-15.206387,21.203061,-5.9966742,0.14595644
343,-15.758027,22.003054,-6.2450263,0.15085118
344,-16.308092,22.802614,-6.4945211,0.15569522
345,-16.856527,23.601616,-6.745089,0.16048755
346,-17.403275,24.399936,-6.9966601,0.1652272
347,-17.948284,25.197449,-7.249165,0.16991326
348,-18.491497,25.994031,-7.5025341,0.17454483
349,-19.032862,26.78956,-7.756698,0.17912107
350,-19.572323,27.58391,-8.0115877,0.18364117
351,-20.109827,28.376961,-8.2671342,0.18810435
352,-20.645319,29.168588,-8.5232687,0.1925099
353,-21.178748,29.958671,-8.7799229,0.19685711
354,-21.710058,30.747087,-9.0370286,0.20114536
355,-22.239198,31.533716,-9.294518,0.20537402
356,-22.766114,32.318437,-9.5523236,0.20954253
357,-23.290753,33.101131,-9.8103783,0.21365038
358,-23.813063,33.881678,-10.068615,0.21769706
359,-24.332991,34.65996,-10.326969,0.22168215
360,-24.850487,35.435859,-10.585372,0.22560524
361,-25.365497,36.209258,-10.843761,0.22946596
362,-25.877971,36.98004,-11.102069,0.233264
363,-26.387857,37.74809,-11.360233,0.23699907
364,-26.895105,38.513293,-11.618188,0.24067094
365,-27.399662,39.275534,-11.875872,0.24427939
366,-27.90148,40.034701,-12.133221,0.24782428
367,-28.400508,40.790681,-12.390173,0.25130547
368,-28.896696,41.543363,-12.646667,0.25472289
369,-29.389994,42.292634,-12.90264,0.25807649
370,-29.880353,43.038387,-13.158034,0.26136625
371,-30.367724,43.780512,-13.412787,0.26459222
372,-30.852059,44.5189,-13.666841,0.26775445
373,-31.333308,45.253445,-13.920137,0.27085305
374,-31.811424,45.984041,-14.172617,0.27388815
375,-32.286358,46.710582,-14.424224,0.27685994
376,-32.758065,47.432965,-14.6749,0.27976861
377,-33.226495,48.151086,-14.924591,0.28261441
378,-33.691603,48.864843,-15.17324,0.28539762
379,-34.153341,49.574135,-15.420794,0.28811854
380,-34.611665,50.278862,-15.667197,0.29077751
381,-35.066527,50.978925,-15.912398,0.29337489
382,-35.517883,51.674225,-16.156343,0.2959111
383,-35.965686,52.364667,-16.39898,0.29838656
384,-36.409894,53.050153,-16.64026,0.30080172
385,-36.85046,53.73059,-16.88013,0.30315708
386,-37.287341,54.405884,-17.118542,0.30545315
387,-37.720494,55.075941,-17.355448,0.30769046
388,-38.149874,55.740672,-17.590797,0.30986957
389,-38.57544,56.399984,-17.824544,0.31199109
390,-38.997148,57.05379,-18.056642,0.31405562
391,-39.414957,57.702001,-18.287044,0.31606379
392,-39.828824,58.344529,-18.515706,0.31801626
393,-40.238708,58.98129,-18.742583,0.31991371
394,-40.644568,59.612199,-18.967631,0.32175683
395,-41.046364,60.237171,-19.190807,0.32354635
396,-41.444055,60.856125,-19.41207,0.32528299
397,-41.837602,61.468979,-19.631377,0.32696751
398,-42.226965,62.075654,-19.848689,0.32860068
399,-42.612106,62.676069,-20.063964,0.33018327
400,-42.992985,63.270149,-20.277164,0.33171609
401,-43.369565,63.857815,-20.48825,0.33319995
402,-43.741808,64.438992,-20.697184,0.33463567
403,-44.109677,65.013607,-20.90393,0.33602408
404,-44.473135,65.581585,-21.10845,0.33736604
405,-44.832146,66.142856,-21.31071,0.3386624
406,-45.186674,66.697348,-21.510675,0.33991401
407,-45.536683,67.244992,-21.708309,0.34112177
408,-45.882138,67.785719,-21.903581,0.34228653
409,-46.223005,68.319461,-22.096456,0.3434092
410,-46.55925,68.846154,-22.286904,0.34449067
411,-46.890839,69.365731,-22.474892,0.34553182
412,-47.217739,69.878129,-22.66039,0.34653356
413,-47.539917,70.383285,-22.843368,0.34749679
414,-47.857342,70.881138,-23.023796,0.34842242
415,-48.16998,71.371627,-23.201647,0.34931135
416,-48.477802,71.854694,-23.376892,0.35016449
417,-48.780776,72.330279,-23.549504,0.35098274
418,-49.078872,72.798327,-23.719456,0.35176701
419,-49.37206,73.258782,-23.886722,0.35251819
420,-49.66031,73.711588,-24.051277,0.35323719
421,-49.943595,74.156692,-24.213097,0.3539249
422,-50.221886,74.594042,-24.372156,0.35458222
423,-50.495154,75.023587,-24.528433,0.35521003
424,-50.763373,75.445276,-24.681903,0.3558092
425,-51.026516,75.859061,-24.832545,0.35638061
426,-51.284556,76.264894,-24.980338,0.35692514
427,-51.537467,76.662727,-25.12526,0.35744363
428,-51.785225,77.052515,-25.26729,0.35793693
429,-52.027805,77.434214,-25.40641,0.35840589
430,-52.265181,77.807781,-25.542599,0.35885134
431,-52.497332,78.173171,-25.67584,0.35927409
432,-52.724232,78.530346,-25.806113,0.35967495
433,-52.94586,78.879263,-25.933403,0.36005473
434,-53.162194,79.219884,-26.05769,0.3604142
435,-53.373211,79.552172,-26.17896,0.36075414
436,-53.578892,79.876088,-26.297196,0.36107531
437,-53.779214,80.191597,-26.412383,0.36137844
438,-53.974158,80.498664,-26.524506,0.36166428
439,-54.163705,80.797255,-26.63355,0.36193353
440,-54.347836,81.087338,-26.739502,0.3621869
441,-54.526532,81.36888,-26.842348,0.36242506
442,-54.699775,81.641851,-26.942076,0.3626487
443,-54.867549,81.906221,-27.038673,0.36285845
444,-55.029836,82.161962,-27.132126,0.36305495
445,-55.186619,82.409046,-27.222426,0.36323882
446,-55.337885,82.647445,-27.30956,0.36341065
447,-55.483616,82.877135,-27.393519,0.36357103
448,-55.623799,83.098091,-27.474292,0.36372051
449,-55.75842,83.310289,-27.551869,0.36385964
450,-55.887465,83.513707,-27.626242,0.36398894
451,-56.010921,83.708322,-27.697401,0.36410891
452,-56.128777,83.894115,-27.765338,0.36422004
453,-56.241019,84.071065,-27.830046,0.36432279
454,-56.347637,84.239154,-27.891517,0.36441759
455,-56.448621,84.398364,-27.949743,0.36450487
456,-56.54396,84.548679,-28.004719,0.36458504
457,-56.633644,84.690082,-28.056437,0.36465846
458,-56.717666,84.822559,-28.104893,0.3647255
459,-56.796015,84.946095,-28.15008,0.36478649
460,-56.868685,85.060679,-28.191994,0.36484174
461,-56.935668,85.166297,-28.230629,0.36489155
462,-56.996958,85.262939,-28.265982,0.36493619
463,-57.052548,85.350595,-28.298048,0.36497589
464,-57.102432,85.429256,-28.326824,0.36501089
465,-57.146607,85.498914,-28.352307,0.36504138
466,-57.185067,85.55956,-28.374494,0.36506755
467,-57.217808,85.61119,-28.393382,0.36508955
468,-57.244828,85.653798,-28.40897,0.36510751
469,-57.266123,85.687379,-28.421255,0.36512154
470,-57.281692,85.711929,-28.430237,0.36513173
471,-57.291532,85.727447,-28.435915,0.36513814
472,-57.295644,85.73393,-28.438287,0.36514082
473,-57.294026,85.731379,-28.437353,0.36513976
474,-57.286678,85.719793,-28.433114,0.36513498
475,-57.273602,85.699173,-28.42557,0.36512645
476,-57.254799,85.669522,-28.414722,0.36511409
477,-57.23027,85.630842,-28.400572,0.36509786
478,-57.200019,85.583138,-28.383119,0.36507763
479,-57.164047,85.526415,-28.362368,0.36505329
480,-57.122359,85.460678,-28.338319,0.3650247
481,-57.074959,85.385934,-28.310976,0.36499169
482,-57.021851,85.302192,-28.280341,0.36495406
483,-56.963041,85.209459,-28.246418,0.3649116
484,-56.898535,85.107746,-28.209211,0.36486407
485,-56.828339,84.997062,-28.168723,0.36481122
486,-56.752461,84.877421,-28.12496,0.36475277
487,-56.670907,84.748833,-28.077926,0.3646884
488,-56.583686,84.611313,-28.027627,0.3646178
489,-56.490807,84.464875,-27.974068,0.36454061
490,-56.392278,84.309534,-27.917256,0.36445648
491,-56.288111,84.145307,-27.857196,0.36436499
492,-56.178315,83.972211,-27.793896,0.36426576
493,-56.062901,83.790264,-27.727363,0.36415833
494,-55.94188,83.599486,-27.657605,0.36404227
495,-55.815266,83.399896,-27.58463,0.36391709
496,-55.68307,83.191516,-27.508446,0.3637823
497,-55.545306,82.974369,-27.429063,0.36363739
498,-55.401987,82.748477,-27.34649,0.36348182
499,-55.253129,82.513865,-27.260736,0.36331504
500,-55.098745,82.270557,-27.171813,0.36313648
501,-54.938851,82.018581,-27.07973,0.36294555
502,-54.773463,81.757963,-26.9845,0.36274165
503,-54.602598,81.488731,-26.886133,0.36252413
504,-54.426273,81.210915,-26.784643,0.36229237
505,-54.244505,80.924546,-26.680041,0.36204571
506,-54.057313,80.629653,-26.572341,0.36178345
507,-53.864715,80.326271,-26.461556,0.36150492
508,-53.666731,80.014431,-26.347701,0.3612094
509,-53.46338,79.69417,-26.23079,0.36089617
510,-53.254683,79.365521,-26.110838,0.3605645
511,-53.04066,79.028522,-25.987862,0.36021362
512,-52.821333,78.68321,-25.861877,0.35984278
513,-52.596724,78.329624,-25.7329,0.35945119
514,-52.366856,77.967804,-25.600948,0.35903806
515,-52.131751,77.597791,-25.46604,0.35860259
516,-51.891433,77.219626,-25.328193,0.35814396
517,-51.645926,76.833353,-25.187427,0.35766136
518,-51.395254,76.439015,-25.043761,0.35715393
519,-51.139442,76.036658,-24.897216,0.35662084
520,-50.878517,75.626328,-24.747811,0.35606124
521,-50.612504,75.208073,-24.595569,0.35547425
522,-50.34143,74.781941,-24.440511,0.35485901
523,-50.065322,74.347981,-24.282659,0.35421465
524,-49.784207,73.906245,-24.122038,0.35354027
525,-49.498114,73.456784,-23.95867,0.352835
526,-49.207071,72.999652,-23.792581,0.35209793
527,-48.911107,72.534902,-23.623795,0.35132817
528,-48.610252,72.06259,-23.452337,0.35052482
529,-48.304537,71.582772,-23.278235,0.34968698
530,-47.993991,71.095505,-23.101515,0.34881374
531,-47.678645,70.60085,-22.922205,0.34790419
532,-47.358532,70.098864,-22.740332,0.34695744
533,-47.033683,69.58961,-22.555927,0.34597256
534,-46.70413,69.07315,-22.369019,0.34494867
535,-46.369908,68.549546,-22.179638,0.34388486
536,-46.031048,68.018864,-21.987816,0.34278024
537,-45.687585,67.481168,-21.793583,0.3416339
538,-45.339554,66.936526,-21.596973,0.34044496
539,-44.986988,66.385006,-21.398018,0.33921254
540,-44.629924,65.826677,-21.196753,0.33793576
541,-44.268397,65.261609,-20.993212,0.33661376
542,-43.902443,64.689873,-20.78743,0.33524567
543,-43.532099,64.111543,-20.579444,0.33383064
544,-43.157402,63.526691,-20.369289,0.33236783
545,-42.778389,62.935394,-20.157005,0.33085642
546,-42.395098,62.337726,-19.942628,0.32929559
547,-42.007568,61.733766,-19.726198,0.32768453
548,-41.615837,61.123591,-19.507754,0.32602245
549,-41.219944,60.507282,-19.287338,0.32430858
550,-40.81993,59.884919,-19.064989,0.32254217
551,-40.415833,59.256583,-18.84075,0.32072246
552,-40.007695,58.622359,-18.614664,0.31884874
553,-39.595557,57.98233,-18.386773,0.3169203
554,-39.179458,57.336582,-18.157123,0.31493645
555,-38.759442,56.6852,-17.925758,0.31289653
556,-38.33555,56.028273,-17.692723,0.31079989
557,-37.907825,55.365889,-17.458065,0.30864592
558,-37.476308,54.698139,-17.221831,0.306434
559,-37.041044,54.025113,-16.984068,0.30416358
560,-36.602076,53.346903,-16.744826,0.30183409
561,-36.159448,52.663602,-16.504154,0.29944501
562,-35.713204,51.975305,-16.262101,0.29699585
563,-35.263389,51.282108,-16.018719,0.29448614
564,-34.810047,50.584105,-15.774058,0.29191543
565,-34.353224,49.881396,-15.528172,0.2892833
566,-33.892966,49.174079,-15.281112,0.28658939
567,-33.429319,48.462253,-15.032933,0.28383333
568,-32.962329,47.746018,-14.783689,0.28101481
569,-32.492043,47.025478,-14.533435,0.27813353
570,-32.018507,46.300733,-14.282226,0.27518923
571,-31.54177,45.571889,-14.030119,0.27218171
572,-31.061878,44.83905,-13.777171,0.26911076
573,-30.578881,44.102321,-13.52344,0.26597624
574,-30.092825,43.361809,-13.268984,0.26277802
575,-29.60376,42.617622,-13.013862,0.25951602
576,-29.111735,41.869868,-12.758133,0.25619021
577,-28.616799,41.118657,-12.501858,0.25280056
578,-28.119001,40.364099,-12.245098,0.24934712
579,-27.618391,39.606305,-11.987914,0.24582993
580,-27.11502,38.845388,-11.730368,0.24224913
581,-26.608937,38.08146,-11.472523,0.23860483
582,-26.100193,37.314635,-11.214442,0.23489724
583,-25.588839,36.545028,-10.956189,0.23112657
584,-25.074926,35.772753,-10.697828,0.22729309
585,-24.558505,34.997928,-10.439423,0.22339711
586,-24.039629,34.220669,-10.181039,0.21943895
587,-23.518349,33.441093,-9.9227436,0.21541902
588,-22.994717,32.659319,-9.6646013,0.21133774
589,-22.468786,31.875465,-9.406679,0.20719556
590,-21.940608,31.089652,-9.1490438,0.20299301
591,-21.410236,30.301998,-8.8917628,0.19873062
592,-20.877722,29.512626,-8.6349037,0.19440899
593,-20.343121,28.721656,-8.3785347,0.19002875
594,-19.806486,27.92921,-8.1227238,0.18559056
595,-19.26787,27.13541,-7.8675399,0.18109514
596,-18.727327,26.340379,-7.6130516,0.17654324
597,-18.184912,25.54424,-7.3593281,0.17193565
598,-17.640678,24.747117,-7.1064386,0.1672732
599,-17.09468,23.949133,-6.8544526,0.16255676
600,-16.546973,23.150412,-6.6034395,0.15778723
601,-15.99761,22.35108,-6.3534691,0.15296558
602,-15.446649,21.55126,-6.1046111,0.14809278
603,-14.894142,20.751077,-5.8569353,0.14316985
604,-14.340146,19.950658,-5.6105114,0.13819786
605,-13.784716,19.150125,-5.3654091,0.1331779
606,-13.227908,18.349606,-5.121698,0.1281111
607,-12.669777,17.549225,-4.8794478,0.12299863
608,-12.110379,16.749106,-4.6387277,0.1178417
609,-11.54977,15.949377,-4.3996069,0.11264152
610,-10.988006,15.15016,-4.1621544,0.10739938
611,-10.425143,14.351581,-3.9264388,0.10211656
612,-9.8612372,13.553766,-3.6925284,0.096794395
613,-9.2963457,12.756837,-3.4604913,0.091434241
614,-8.7305246,11.960919,-3.2303948,0.086037483
615,-8.1638304,11.166137,-3.0023062,0.080605533
616,-7.5963198,10.372612,-2.7762919,0.075139829
617,-7.0280496,9.5804677,-2.5524181,0.069641836
618,-6.4590767,8.7898266,-2.33075,0.064113038
619,-5.8894578,8.0008102,-2.1113524,0.058554947
620,-5.3192499,7.2135393,-1.8942894,0.052969093
621,-4.7485102,6.4281344,-1.6796242,0.047357025
622,-4.1772956,5.644715,-1.4674194,0.041720312
623,-3.6056633,4.8633997,-1.2577364,0.036060539
624,-3.0336704,4.0843065,-1.0506361,0.030379309
625,-2.4613741,3.3075522,-0.8461781,0.024678236
626,-1.8888318,2.5332529,-0.64442111,0.018958948
627,-1.3161005,1.7615232,-0.44542275,0.013223085
628,-0.74323761,0.99247713,-0.24923953,0.007472295
629,-0.17030041,0.22622714,-0.055926739,0.001708235
630,0.40265382,-0.53711536,0.13446154,-0.004067431
631,0.97556779,-1.2974403,0.32187253,-0.009853034
632,1.5483842,-2.054639,0.5062548,-0.015646903
633,2.1210458,-2.8086041,0.68755831,-0.021447364
634,2.6934952,-3.5592297,0.86573446,-0.027252742
635,3.2656754,-4.3064115,1.0407362,-0.033061364
636,3.8375289,-5.0500469,1.2125179,-0.03887156
637,4.4089987,-5.7900345,1.3810358,-0.044681664
638,4.9800276,-6.5262751,1.5462475,-0.050490017
639,5.5505585,-7.258671,1.7081124,-0.056294967
640,6.1205344,-7.9871262,1.8665918,-0.062094871
641,6.6898982,-8.7115468,2.0216485,-0.067888095
642,7.2585931,-9.4318406,2.1732475,-0.07367302
643,7.826562,-10.147917,2.3213554,-0.079448039
644,8.3937484,-10.859689,2.4659409,-0.085211561
645,8.9600953,-11.56707,2.6069744,-0.090962011
646,9.5255463,-12.269975,2.7444287,-0.096697831
647,10.090045,-12.968323,2.8782783,-0.10241748
648,10.653534,-13.662034,3.0084999,-0.10811945
649,11.215958,-14.351031,3.1350724,-0.11380224
650,11.777261,-15.035237,3.2579767,-0.11946438
651,12.337385,-15.714581,3.377196,-0.12510442
652,12.896276,-16.388992,3.4927154,-0.13072093
653,13.453878,-17.0584,3.6045225,-0.13631254
654,14.010134,-17.722741,3.7126071,-0.14187785
655,14.564989,-18.38195,3.8169611,-0.14741555
656,15.118388,-19.035966,3.9175787,-0.15292431
657,15.670274,-19.684731,4.0144565,-0.15840287
658,16.220594,-20.328187,4.1075933,-0.16384996
659,16.769292,-20.966282,4.1969901,-0.16926439
660,17.316312,-21.598963,4.2826502,-0.17464497
661,17.861602,-22.226181,4.3645794,-0.17999054
662,18.405104,-22.84789,4.4427855,-0.18530001
663,18.946767,-23.464046,4.5172787,-0.19057228
664,19.486535,-24.074606,4.5880715,-0.19580631
665,20.024354,-24.679533,4.6551787,-0.20100111
666,20.560171,-25.278788,4.7186171,-0.20615569
667,21.093932,-25.872338,4.778406,-0.21126913
668,21.625583,-26.46015,4.8345666,-0.21634052
669,22.155072,-27.042195,4.8871227,-0.221369
670,22.682345,-27.618445,4.9360997,-0.22635376
671,23.20735,-28.188876,4.9815256,-0.231294
672,23.730035,-28.753465,5.0234302,-0.23618897
673,24.250346,-29.312192,5.0618455,-0.24103796
674,24.768233,-29.865038,5.0968054,-0.2458403
675,25.283642,-30.411988,5.1283458,-0.25059535
676,25.796524,-30.953028,5.1565045,-0.2553025
677,26.306825,-31.488147,5.1813213,-0.25996119
678,26.814496,-32.017334,5.2028377,-0.26457089
679,27.319486,-32.540583,5.221097,-0.2691311
680,27.821744,-33.057888,5.2361444,-0.27364137
681,28.321219,-33.569246,5.2480266,-0.27810126
682,28.817863,-34.074655,5.256792,-0.2825104
683,29.311624,-34.574115,5.2624906,-0.28686841
684,29.802455,-35.067628,5.2651738,-0.29117499
685,30.290305,-35.555199,5.2648945,-0.29542984
686,30.775126,-36.036833,5.2617072,-0.29963269
687,31.25687,-36.512538,5.2556675,-0.30378333
688,31.735488,-36.98232,5.2468323,-0.30788155
689,32.210933,-37.446193,5.23526,-0.31192719
690,32.683156,-37.904166,5.2210097,-0.3159201
691,33.152112,-38.356253,5.2041419,-0.31986019
692,33.617752,-38.80247,5.1847181,-0.32374735
693,34.08003,-39.242831,5.1628008,-0.32758155
694,34.5389,-39.677354,5.1384532,-0.33136275
695,34.994317,-40.106056,5.1117396,-0.33509094
696,35.446234,-40.528959,5.0827248,-0.33876614
697,35.894606,-40.946081,5.0514747,-0.3423884
698,36.339389,-41.357445,5.0180555,-0.34595778
699,36.780539,-41.763073,4.9825341,-0.34947437
700,37.21801,-42.162988,4.944978,-0.35293827
701,37.651759,-42.557214,4.9054552,-0.35634962
702,38.081743,-42.945777,4.864034,-0.35970855
703,38.507919,-43.328703,4.8207831,-0.36301524
704,38.930245,-43.706016,4.7757716,-0.36626987
705,39.348677,-44.077746,4.7290685,-0.36947263
706,39.763174,-44.443918,4.6807435,-0.37262374
707,40.173696,-44.804562,4.6308659,-0.37572343
708,40.5802,-45.159705,4.5795056,-0.37877195
709,40.982645,-45.509377,4.5267321,-0.38176955
710,41.380993,-45.853608,4.472615,-0.3847165
711,41.775203,-46.192427,4.417224,-0.38761308
712,42.165235,-46.525863,4.3606283,-0.39045959
713,42.55105,-46.853948,4.3028975,-0.39325632
714,42.932611,-47.176711,4.2441003,-0.3960036
715,43.309878,-47.494184,4.1843057,-0.39870173
716,43.682815,-47.806397,4.123582,-0.40135106
717,44.051383,-48.11338,4.0619975,-0.40395192
718,44.415546,-48.415166,3.9996198,-0.40650464
719,44.775267,-48.711784,3.9365163,-0.40900959
720,45.130511,-49.003265,3.8727538,-0.41146711
721,45.481242,-49.289641,3.8083986,-0.41387756
722,45.827425,-49.570942,3.7435166,-0.41624132
723,46.169025,-49.847198,3.6781731,-0.41855874
724,46.506009,-50.118441,3.6124325,-0.4208302
725,46.838341,-50.3847,3.546359,-0.42305607
726,47.16599,-50.646006,3.4800159,-0.42523673
727,47.488923,-50.902389,3.4134659,-0.42737255
728,47.807106,-51.153877,3.3467708,-0.42946392
729,48.120509,-51.400501,3.2799919,-0.4315112
730,48.4291,-51.64229,3.2131897,-0.43351478
731,48.732848,-51.879272,3.1464237,-0.43547504
732,49.031723,-52.111476,3.0797528,-0.43739235
733,49.325695,-52.33893,3.0132351,-0.4392671
734,49.614734,-52.561661,2.9469275,-0.44109964
735,49.898811,-52.779698,2.8808865,-0.44289037
736,50.177899,-52.993067,2.8151674,-0.44463964
737,50.451969,-53.201794,2.7498246,-0.44634783
738,50.720994,-53.405906,2.6849118,-0.4480153
739,50.984947,-53.605429,2.6204815,-0.44964241
740,51.243802,-53.800387,2.5565854,-0.45122952
741,51.497532,-53.990806,2.4932742,-0.45277699
742,51.746112,-54.17671,2.4305977,-0.45428515
743,51.989518,-54.358122,2.3686045,-0.45575436
744,52.227725,-54.535067,2.3073424,-0.45718496
745,52.460709,-54.707567,2.2468582,-0.45857728
746,52.688447,-54.875645,2.1871975,-0.45993165
747,52.910917,-55.039322,2.128405,-0.46124839
748,53.128095,-55.198619,2.0705244,-0.46252783
749,53.33996,-55.353559,2.0135983,-0.46377028
750,53.546492,-55.50416,1.9576682,-0.46497604
751,53.747669,-55.650444,1.9027747,-0.46614542
752,53.943471,-55.792428,1.8489571,-0.4672787
753,54.133879,-55.930133,1.7962538,-0.46837618
754,54.318874,-56.063576,1.7447022,-0.46943813
755,54.498437,-56.192775,1.6943385,-0.47046483
756,54.67255,-56.317747,1.6451977,-0.47145655
757,54.841195,-56.438509,1.5973141,-0.47241354
758,55.004357,-56.555077,1.5507205,-0.47333606
759,55.162018,-56.667467,1.5054488,-0.47422435
760,55.314163,-56.775693,1.4615298,-0.47507865
761,55.460777,-56.87977,1.4189932,-0.47589918
762,55.601845,-56.979713,1.3778676,-0.47668618
763,55.737353,-57.075533,1.3381806,-0.47743984
764,55.867286,-57.167245,1.2999585,-0.47816039
765,55.991634,-57.25486,1.2632266,-0.47884801
766,56.110382,-57.338391,1.2280091,-0.47950289
767,56.223519,-57.417848,1.1943292,-0.48012522
768,56.331034,-57.493243,1.1622087,-0.48071517
769,56.432916,-57.564584,1.1316687,-0.4812729
770,56.529154,-57.631883,1.1027288,-0.48179858
771,56.61974,-57.695148,1.0754078,-0.48229234
772,56.704663,-57.754387,1.0497232,-0.48275433
773,56.783917,-57.809608,1.0256915,-0.48318468
774,56.857492,-57.86082,1.0033281,-0.48358351
775,56.925381,-57.908028,0.98264711,-0.48395093
776,56.987578,-57.95124,0.96366178,-0.48428705
777,57.044076,-57.99046,0.94638414,-0.48459196
778,57.09487,-58.025695,0.93082509,-0.48486576
779,57.139954,-58.056948,0.91699447,-0.48510852
780,57.179324,-58.084225,0.904901,-0.48532031
781,57.212977,-58.107529,0.89455228,-0.48550119
782,57.240908,-58.126863,0.88595481,-0.48565121
783,57.263115,-58.142229,0.87911399,-0.48577043
784,57.279596,-58.15363,0.87403412,-0.48585886
785,57.290349,-58.161067,0.87071836,-0.48591654
786,57.295373,-58.164541,0.86916881,-0.48594348
787,57.294667,-58.164054,0.86938643,-0.4859397
788,57.288232,-58.159603,0.87137108,-0.48590519
789,57.276068,-58.15119,0.87512153,-0.48583994
790,57.258177,-58.138813,0.88063541,-0.48574392
791,57.23456,-58.122469,0.88790929,-0.48561713
792,57.20522,-58.102158,0.89693858,-0.48545951
793,57.170159,-58.077876,0.90771764,-0.48527102
794,57.129381,-58.049621,0.92023967,-0.48505161
795,57.08289,-58.017387,0.93449681,-0.48480122
796,57.030691,-57.981171,0.95048005,-0.48451976
797,56.972789,-57.940968,0.96817931,-0.48420717
798,56.90919,-57.896773,0.98758339,-0.48386335
799,56.8399,-57.84858,1.00868,-0.4834882
800,56.764926,-57.796381,1.0314556,-0.48308162
801,56.684275,-57.740171,1.0558959,-0.4826435
802,56.597956,-57.679941,1.081985,-0.48217369
803,56.505977,-57.615684,1.1097064,-0.48167209
804,56.408348,-57.54739,1.1390421,-0.48113853
805,56.305078,-57.475051,1.1699732,-0.48057288
806,56.196178,-57.398657,1.2024797,-0.47997497
807,56.081658,-57.318198,1.2365404,-0.47934464
808,55.96153,-57.233663,1.272133,-0.47868171
809,55.835805,-57.145039,1.3092342,-0.477986
810,55.704497,-57.052317,1.3478195,-0.47725732
811,55.567619,-56.955483,1.3878633,-0.47649546
812,55.425184,-56.854523,1.4293389,-0.47570023
813,55.277207,-56.749426,1.4722187,-0.4748714
814,55.123702,-56.640175,1.5164736,-0.47400875
815,54.964685,-56.526758,1.5620737,-0.47311206
816,54.800171,-56.409159,1.6089881,-0.47218107
817,54.630177,-56.287361,1.6571844,-0.47121555
818,54.45472,-56.16135,1.7066296,-0.47021524
819,54.273818,-56.031107,1.7572891,-0.46917988
820,54.087489,-55.896616,1.8091278,-0.46810921
821,53.89575,-55.757859,1.8621089,-0.46700294
822,53.698623,-55.614818,1.9161951,-0.46586079
823,53.496125,-55.467473,1.9713476,-0.46468249
824,53.288278,-55.315805,2.0275268,-0.46346772
825,53.075102,-55.159794,2.0846919,-0.46221619
826,52.856619,-54.99942,2.1428011,-0.46092759
827,52.63285,-54.834661,2.2018114,-0.45960161
828,52.403817,-54.665496,2.2616791,-0.45823792
829,52.169545,-54.491904,2.3223592,-0.45683621
830,51.930055,-54.313861,2.3838057,-0.45539613
831,51.685373,-54.131344,2.4459717,-0.45391736
832,51.435522,-53.944331,2.5088091,-0.45239955
833,51.180527,-53.752796,2.5722689,-0.45084235
834,50.920415,-53.556716,2.6363013,-0.44924543
835,50.65521,-53.356066,2.7008553,-0.44760841
836,50.38494,-53.150819,2.7658789,-0.44593094
837,50.109632,-52.940951,2.8313194,-0.44421267
838,49.829313,-52.726436,2.8971229,-0.44245322
839,49.544011,-52.507245,2.9632347,-0.44065223
840,49.253754,-52.283353,3.0295993,-0.43880933
841,48.958572,-52.054732,3.0961601,-0.43692413
842,48.658494,-51.821354,3.1628598,-0.43499628
843,48.353551,-51.583191,3.2296402,-0.43302539
844,48.043772,-51.340214,3.2964423,-0.43101108
845,47.729189,-51.092395,3.3632061,-0.42895298
846,47.409833,-50.839704,3.4298712,-0.4268507
847,47.085736,-50.582112,3.496376,-0.42470387
848,46.75693,-50.319589,3.5626586,-0.42251211
849,46.423449,-50.052105,3.628656,-0.42027505
850,46.085326,-49.77963,3.6943048,-0.4179923
851,45.742594,-49.502134,3.7595407,-0.4156635
852,45.395287,-49.219586,3.824299,-0.41328828
853,45.043442,-48.931956,3.8885143,-0.41086627
854,44.687092,-48.639212,3.9521207,-0.4083971
855,44.326273,-48.341325,4.0150517,-0.40588042
856,43.961022,-48.038262,4.0772403,-0.40331587
857,43.591374,-47.729993,4.1386191,-0.40070311
858,43.217368,-47.416488,4.1991203,-0.3980418
859,42.83904,-47.097715,4.2586757,-0.39533159
860,42.456428,-46.773644,4.3172166,-0.39257216
861,42.06957,-46.444245,4.3746744,-0.3897632
862,41.678506,-46.109485,4.4309798,-0.38690439
863,41.283273,-45.769337,4.4860635,-0.38399543
864,40.883913,-45.423769,4.5398562,-0.38103603
865,40.480464,-45.072752,4.5922881,-0.37802592
866,40.072967,-44.716256,4.6432898,-0.37496482
867,39.661462,-44.354254,4.6927914,-0.37185249
868,39.245992,-43.986715,4.7407235,-0.36868868
869,38.826597,-43.613613,4.7870164,-0.36547316
870,38.403319,-43.23492,4.8316008,-0.36220573
871,37.976201,-42.850609,4.8744074,-0.35888619
872,37.545286,-42.460653,4.9153675,-0.35551437
873,37.110616,-42.065028,4.9544123,-0.35209009
874,36.672235,-41.663709,4.9914735,-0.34861322
875,36.230187,-41.25667,5.0264834,-0.34508364
876,35.784516,-40.84389,5.0593747,-0.34150125
877,35.335266,-40.425346,5.0900804,-0.33786595
878,34.882483,-40.001017,5.1185345,-0.3341777
879,34.426212,-39.570883,5.1446714,-0.33043646
880,33.966498,-39.134924,5.1684265,-0.32664221
881,33.503387,-38.693123,5.1897355,-0.32279496
882,33.036926,-38.245462,5.2085356,-0.31889476
883,32.567162,-37.791926,5.2247644,-0.31494165
884,32.094141,-37.332501,5.2383608,-0.31093574
885,31.61791,-36.867175,5.2492645,-0.30687714
886,31.138518,-36.395934,5.2574166,-0.302766
887,30.656011,-35.918771,5.262759,-0.29860248
888,30.17044,-35.435675,5.2652353,-0.2943868
889,29.681851,-34.946641,5.26479,-0.29011919
890,29.190294,-34.451663,5.261369,-0.28579991
891,28.695818,-33.950738,5.2549199,-0.28142927
892,28.198473,-33.443864,5.2453915,-0.2770076
893,27.698307,-32.931042,5.2327343,-0.27253527
894,27.195372,-32.412272,5.2169001,-0.26801266
895,26.689718,-31.88756,5.1978428,-0.26344022
896,26.181394,-31.356911,5.1755175,-0.25881841
897,25.670452,-30.820334,5.1498815,-0.25414773
898,25.156943,-30.277837,5.1208936,-0.24942873
899,24.640919,-29.729434,5.0885145,-0.24466198
900,24.122431,-29.175137,5.0527069,-0.23984809
901,23.60153,-28.614965,5.0134354,-0.23498771
902,23.078269,-28.048935,4.9706664,-0.23008152
903,22.5527,-27.477069,4.9243687,-0.22513025
904,22.024877,-26.899389,4.8745127,-0.22013465
905,21.49485,-26.315921,4.8210713,-0.21509552
906,20.962674,-25.726694,4.7640192,-0.21001369
907,20.428402,-25.131736,4.7033334,-0.20489004
908,19.892087,-24.531081,4.6389932,-0.19972547
909,19.353783,-23.924763,4.5709798,-0.19452091
910,18.813544,-23.312821,4.499277,-0.18927737
911,18.271423,-22.695293,4.4238704,-0.18399584
912,17.727475,-22.072223,4.3447483,-0.17867738
913,17.181754,-21.443655,4.261901,-0.17332308
914,16.634316,-20.809637,4.175321,-0.16793406
915,16.085213,-20.170217,4.0850034,-0.16251148
916,15.534503,-19.525448,3.9909453,-0.15705652
917,14.982238,-18.875385,3.8931463,-0.15157041
918,14.428476,-18.220084,3.7916081,-0.1460544
919,13.873271,-17.559606,3.6863347,-0.14050978
920,13.316678,-16.894011,3.5773326,-0.13493786
921,12.758754,-16.223364,3.4646101,-0.12934
922,12.199554,-15.547732,3.3481783,-0.12371755
923,11.639134,-14.867184,3.2280501,-0.11807194
924,11.07755,-14.181791,3.1042408,-0.11240458
925,10.514858,-13.491626,2.9767677,-0.10671693
926,9.9511153,-12.796766,2.8456505,-0.10101047
927,9.3863771,-12.097288,2.710911,-0.095286693
928,8.8207002,-11.393273,2.5725728,-0.089547127
929,8.2541413,-10.684803,2.4306619,-0.083793313
930,7.6867569,-9.9719631,2.2852062,-0.078026813
931,7.1186039,-9.2548395,2.1362355,-0.072249206
932,6.5497391,-8.5335209,1.9837818,-0.066462087
933,5.9802192,-7.8080981,1.8278788,-0.060667067
934,5.4101014,-7.0786636,1.6685622,-0.054865769
935,4.8394425,-6.3453119,1.5058693,-0.049059828
936,4.2682997,-5.6081394,1.3398396,-0.04325089
937,3.6967301,-4.8672441,1.170514,-0.037440608
938,3.1247908,-4.1227259,0.99793507,-0.031630645
939,2.5525391,-3.3746863,0.82214728,-0.025822667
940,1.980032,-2.6232286,0.64319652,-0.020018345
941,1.407327,-1.8684573,0.46113023,-0.014219352
942,0.83448128,-1.1104786,0.27599737,-0.008427364
943,0.26155208,-0.3494004,0.087848323,-0.002644052
944,-0.31140328,0.41466841,-0.10326513,0.00312891
945,-0.88432749,1.1816174,-0.2972899,0.008889856
946,-1.4571633,1.9513349,-0.4941716,0.014637123
947,-2.0298533,2.723708,-0.69385462,0.020369057
948,-2.6023404,3.4986226,-0.89628219,0.026084011
949,-3.1745673,4.2759637,-1.1013964,0.031780348
950,-3.7464767,5.055615,-1.3091384,0.037456443
951,-4.3180114,5.8374595,-1.519448,0.043110685
952,-4.8891144,6.6213789,-1.7322646,0.048741475
953,-5.4597284,7.4072545,-1.9475261,0.054347232
954,-6.0297965,8.1949664,-2.1651699,0.059926392
955,-6.5992616,8.9843942,-2.3851326,0.06547741
956,-7.1680668,9.7754168,-2.60735,0.070998761
957,-7.7361552,10.567912,-2.8317571,0.076488939
958,-8.3034699,11.361758,-3.0582883,0.081946465
959,-8.8699544,12.156832,-3.2868776,0.087369881
960,-9.4355518,12.95301,-3.5174583,0.092757755
961,-10.000206,13.750169,-3.7499631,0.098108681
962,-10.56386,14.548184,-3.9843243,0.10342128
963,-11.126457,15.346931,-4.220474,0.1086942
964,-11.687942,16.146286,-4.4583438,0.11392613
965,-12.248258,16.946123,-4.6978648,0.11911577
966,-12.807349,17.746318,-4.9389682,0.12426187
967,-13.36516,18.546745,-5.1815846,0.1293632
968,-13.921634,19.347279,-5.4256448,0.13441857
969,-14.476716,20.147795,-5.671079,0.13942682
970,-15.03035,20.948168,-5.9178177,0.14438683
971,-15.582481,21.748272,-6.1657912,0.14929751
972,-16.133054,22.547984,-6.4149296,0.15415781
973,-16.682014,23.347177,-6.6651632,0.15896672
974,-17.229305,24.145728,-6.9164223,0.16372325
975,-17.774874,24.943511,-7.1686373,0.16842648
976,-18.318665,25.740404,-7.4217387,0.1730755
977,-18.860624,26.536281,-7.6756569,0.17766945
978,-19.400698,27.331021,-7.9303229,0.18220752
979,-19.938831,28.124498,-8.1856677,0.18668891
980,-20.47497,28.916592,-8.4416223,0.19111289
981,-21.009062,29.70718,-8.6981184,0.19547876
982,-21.541053,30.49614,-8.9550876,0.19978586
983,-22.07089,31.283352,-9.2124622,0.20403356
984,-22.598519,32.068694,-9.4701743,0.20822129
985,-23.123889,32.852046,-9.728157,0.21234852
986,-23.646947,33.63329,-9.9863432,0.21641474
987,-24.16764,34.412306,-10.244667,0.22041949
988,-24.685916,35.188977,-10.503061,0.22436237
989,-25.201723,35.963185,-10.761462,0.22824299
990,-25.715011,36.734813,-11.019802,0.23206103
991,-26.225727,37.503746,-11.278019,0.23581618
992,-26.73382,38.269868,-11.536048,0.23950821
993,-27.23924,39.033065,-11.793825,0.24313688
994,-27.741936,39.793224,-12.051288,0.24670203
995,-28.241858,40.550231,-12.308373,0.25020353
996,-28.738956,41.303975,-12.565019,0.25364126
997,-29.23318,42.054345,-12.821165,0.25701519
998,-29.724481,42.801231,-13.07675,0.26032529
999,-30.212809,43.544523,-13.331714,0.26357157
1000,-30.698116,44.284113,-13.585997,0.26675409
1001,-31.180353,45.019894,-13.839541,0.26987295
1002,-31.659472,45.751759,-14.092287,0.27292826
1003,-32.135425,46.479603,-14.344178,0.27592019
1004,-32.608165,47.203322,-14.595157,0.27884895
1005,-33.077644,47.922811,-14.845167,0.28171475
1006,-33.543815,48.637969,-15.094154,0.28451786
1007,-34.006632,49.348694,-15.342062,0.28725858
1008,-34.466048,50.054886,-15.588838,0.28993725
1009,-34.922018,50.756445,-15.834427,0.29255421
1010,-35.374495,51.453273,-16.078778,0.29510986
1011,-35.823435,52.145273,-16.321838,0.29760462
1012,-36.268793,52.832348,-16.563555,0.30003894
1013,-36.710524,53.514404,-16.80388,0.30241329
1014,-37.148584,54.191346,-17.042762,0.30472818
1015,-37.582929,54.863081,-17.280152,0.30698415
1016,-38.013516,55.529518,-17.516003,0.30918174
1017,-38.440301,56.190566,-17.750265,0.31132154
1018,-38.863242,56.846136,-17.982894,0.31340415
1019,-39.282298,57.496138,-18.213841,0.3154302
1020,-39.697425,58.140486,-18.443062,0.31740034
1021,-40.108582,58.779094,-18.670512,0.31931524
1022,-40.515728,59.411875,-18.896147,0.32117559
1023,-40.918823,60.038748,-19.119924,0.32298211
1024,-41.317826,60.659627,-19.341801,0.32473551
1025,-41.712697,61.274433,-19.561736,0.32643655
1026,-42.103397,61.883085,-19.779687,0.32808599
1027,-42.489887,62.485503,-19.995615,0.32968461
1028,-42.872128,63.081608,-20.20948,0.3312332
1029,-43.250082,63.671326,-20.421244,0.33273256
1030,-43.62371,64.254578,-20.630868,0.33418352
1031,-43.992977,64.831291,-20.838315,0.33558691
1032,-44.357844,65.401391,-21.043548,0.33694358
1033,-44.718275,65.964807,-21.246532,0.33825436
1034,-45.074234,66.521465,-21.447231,0.33952014
1035,-45.425687,67.071298,-21.645611,0.34074177
1036,-45.772596,67.614235,-21.841639,0.34192013
1037,-46.114928,68.15021,-22.035281,0.34305611
1038,-46.452649,68.679155,-22.226506,0.34415061
1039,-46.785725,69.201006,-22.41528,0.3452045
1040,-47.114122,69.715697,-22.601575,0.3462187
1041,-47.437808,70.223167,-22.785359,0.3471941
1042,-47.75675,70.723353,-22.966603,0.34813161
1043,-48.070916,71.216194,-23.145278,0.34903213
1044,-48.380276,71.701631,-23.321356,0.34989657
1045,-48.684797,72.179606,-23.494809,0.35072583
1046,-48.98445,72.650061,-23.665611,0.35152083
1047,-49.279205,73.11294,-23.833736,0.35228245
1048,-49.569031,73.568188,-23.999157,0.35301161
1049,-49.853901,74.015752,-24.161851,0.35370919
1050,-50.133786,74.455577,-24.321792,0.35437609
1051,-50.408657,74.887614,-24.478957,0.3550132
1052,-50.678487,75.311811,-24.633324,0.3556214
1053,-50.943249,75.728119,-24.784869,0.35620156
1054,-51.202918,76.136489,-24.933572,0.35675456
1055,-51.457465,76.536876,-25.07941,0.35728125
1056,-51.706868,76.929232,-25.222364,0.35778248
1057,-51.951099,77.313512,-25.362413,0.3582591
1058,-52.190136,77.689674,-25.499538,0.35871195
1059,-52.423953,78.057673,-25.63372,0.35914184
1060,-52.652529,78.417469,-25.76494,0.35954959
1061,-52.875839,78.769021,-25.893182,0.359936
1062,-53.093861,79.112289,-26.018428,0.36030185
1063,-53.306574,79.447235,-26.140661,0.36064793
1064,-53.513957,79.773821,-26.259865,0.360975
1065,-53.715988,80.092012,-26.376024,0.3612838
1066,-53.912647,80.401772,-26.489125,0.36157506
1067,-54.103916,80.703067,-26.599151,0.36184952
1068,-54.289774,80.995863,-26.706089,0.36210787
1069,-54.470203,81.280129,-26.809926,0.36235081
1070,-54.645185,81.555834,-26.910649,0.362579
1071,-54.814703,81.822947,-27.008244,0.3627931
1072,-54.978739,82.081439,-27.1027,0.36299376
1073,-55.137277,82.331283,-27.194006,0.36318158
1074,-55.290302,82.572452,-27.28215,0.36335719
1075,-55.437798,82.804919,-27.367121,0.36352115
1076,-55.57975,83.028659,-27.448909,0.36367404
1077,-55.716144,83.243649,-27.527506,0.36381641
1078,-55.846966,83.449866,-27.6029,0.36394879
1079,-55.972204,83.647288,-27.675084,0.36407168
1080,-56.091845,83.835893,-27.744048,0.36418557
1081,-56.205876,84.015662,-27.809786,0.36429094
1082,-56.314287,84.186575,-27.872288,0.36438823
1083,-56.417067,84.348616,-27.931549,0.36447786
1084,-56.514205,84.501766,-27.987561,0.36456025
1085,-56.605691,84.646009,-28.040317,0.36463578
1086,-56.691517,84.78133,-28.089813,0.36470482
1087,-56.771674,84.907716,-28.136042,0.3647677
1088,-56.846154,85.025153,-28.178998,0.36482475
1089,-56.91495,85.133628,-28.218678,0.36487626
1090,-56.978053,85.23313,-28.255077,0.36492252
1091,-57.035459,85.32365,-28.288191,0.36496376
1092,-57.087162,85.405177,-28.318015,0.36500024
1093,-57.133156,85.477703,-28.344547,0.36503215
1094,-57.173436,85.541221,-28.367784,0.36505968
1095,-57.208,85.595724,-28.387724,0.36508299
1096,-57.236842,85.641205,-28.404363,0.36510222
1097,-57.259961,85.677662,-28.417701,0.36511749
1098,-57.277354,85.705089,-28.427735,0.3651289
1099,-57.28902,85.723485,-28.434465,0.36513651
1100,-57.294956,85.732846,-28.43789,0.36514037
1101,-57.295163,85.733172,-28.438009,0.3651405
1102,-57.289641,85.724464,-28.434823,0.36513691
1103,-57.278389,85.706721,-28.428332,0.36512958
1104,-57.26141,85.679946,-28.418536,0.36511845
1105,-57.238705,85.644142,-28.405438,0.36510346
1106,-57.210276,85.599312,-28.389037,0.36508451
1107,-57.176126,85.545461,-28.369336,0.3650615
1108,-57.136258,85.482595,-28.346337,0.36503428
1109,-57.090677,85.410719,-28.320043,0.3650027
1110,-57.039387,85.329843,-28.290456,0.36496656
1111,-56.982392,85.239972,-28.25758,0.36492566
1112,-56.9197,85.141119,-28.221419,0.36487978
1113,-56.851316,85.033291,-28.181975,0.36482865
1114,-56.777247,84.916502,-28.139255,0.36477201
1115,-56.6975,84.790762,-28.093263,0.36470956
1116,-56.612083,84.656086,-28.044003,0.36464099
1117,-56.521005,84.512487,-27.991482,0.36456594
1118,-56.424275,84.35998,-27.935705,0.36448405
1119,-56.321903,84.198582,-27.876679,0.36439496
1120,-56.213898,84.028309,-27.81441,0.36429824
1121,-56.100273,83.849179,-27.748906,0.36419347
1122,-55.981037,83.661212,-27.680175,0.36408021
1123,-55.856203,83.464426,-27.608223,0.36395798
1124,-55.725784,83.258844,-27.533061,0.36382631
1125,-55.589792,83.044487,-27.454696,0.36368468
1126,-55.448241,82.821378,-27.373138,0.36353256
1127,-55.301145,82.589541,-27.288396,0.36336942
1128,-55.148519,82.349,-27.200481,0.36319467
1129,-54.990379,82.099782,-27.109404,0.36300775
1130,-54.826739,81.841914,-27.015175,0.36280804
1131,-54.657617,81.575423,-26.917806,0.36259493
1132,-54.483029,81.300338,-26.817309,0.36236778
1133,-54.302993,81.01669,-26.713697,0.36212594
1134,-54.117527,80.724509,-26.606982,0.36186872
1135,-53.926649,80.423827,-26.497178,0.36159545
1136,-53.730378,80.114678,-26.384299,0.36130542
1137,-53.528735,79.797095,-26.26836,0.36099791
1138,-53.321738,79.471114,-26.149376,0.36067219
1139,-53.109409,79.136771,-26.027361,0.36032752
1140,-52.89177,78.794103,-25.902333,0.35996311
1141,-52.668841,78.443148,-25.774307,0.35957822
1142,-52.440646,78.083946,-25.643301,0.35917204
1143,-52.207206,77.716538,-25.509332,0.35874377
1144,-51.968546,77.340965,-25.372419,0.35829261
1145,-51.724689,76.95727,-25.232581,0.35781774
1146,-51.475659,76.565496,-25.089837,0.35731831
1147,-51.221482,76.165689,-24.944206,0.35679349
1148,-50.962183,75.757893,-24.79571,0.35624242
1149,-50.697788,75.342157,-24.644369,0.35566425
1150,-50.428323,74.918529,-24.490206,0.35505811
1151,-50.153815,74.487057,-24.333242,0.35442311
1152,-49.874292,74.047792,-24.1735,0.35375839
1153,-49.589782,73.600786,-24.011005,0.35306306
1154,-49.300312,73.146092,-23.845779,0.35233622
1155,-49.005913,72.683762,-23.677849,0.35157697
1156,-48.706613,72.213853,-23.50724,0.35078442
1157,-48.402442,71.73642,-23.333977,0.34995766
1158,-48.093432,71.25152,-23.158088,0.34909579
1159,-47.779611,70.759211,-22.9796,0.34819791
1160,-47.461013,70.259554,-22.798541,0.3472631
1161,-47.137669,69.752608,-22.614939,0.34629047
1162,-46.809611,69.238437,-22.428825,0.3452791
1163,-46.476873,68.717101,-22.240229,0.34422811
1164,-46.139486,68.188666,-22.04918,0.34313658
1165,-45.797486,67.653198,-21.855712,0.34200362
1166,-45.450906,67.110761,-21.659855,0.34082835
1167,-45.099781,66.561425,-21.461644,0.33960988
1168,-44.744146,66.005257,-21.261111,0.33834732
1169,-44.384037,65.442327,-21.058291,0.33703982
1170,-44.019489,64.872708,-20.853219,0.3356865
1171,-43.650539,64.29647,-20.645931,0.33428651
1172,-43.277224,63.713687,-20.436463,0.33283902
1173,-42.899582,63.124435,-20.224853,0.33134318
1174,-42.51765,62.528788,-20.011138,0.32979817
1175,-42.131466,61.926824,-19.795358,0.3282032
1176,-41.741069,61.31862,-19.577551,0.32655746
1177,-41.346497,60.704256,-19.357759,0.32486017
1178,-40.947792,60.083813,-19.136021,0.32311057
1179,-40.544991,59.457371,-18.91238,0.32130792
1180,-40.138136,58.825013,-18.686877,0.31945149
1181,-39.727267,58.186824,-18.459557,0.31754055
1182,-39.312426,57.542888,-18.230462,0.31557442
1183,-38.893653,56.893291,-17.999638,0.31355243
1184,-38.470991,56.238121,-17.76713,0.31147393
1185,-38.044482,55.577466,-17.532984,0.30933828
1186,-37.614168,54.911415,-17.297247,0.30714489
1187,-37.180093,54.240059,-17.059966,0.30489316
1188,-36.742301,53.56349,-16.82119,0.30258254
1189,-36.300834,52.881801,-16.580968,0.3002125
1190,-35.855736,52.195086,-16.339349,0.29778254
1191,-35.407054,51.503438,-16.096385,0.29529216
1192,-34.95483,50.806956,-15.852126,0.29274092
1193,-34.499112,50.105736,-15.606624,0.2901284
1194,-34.039943,49.399875,-15.359932,0.28745421
1195,-33.57737,48.689474,-15.112104,0.28471799
1196,-33.11144,47.974633,-14.863193,0.28191939
1197,-32.642198,47.255453,-14.613255,0.27905813
1198,-32.169693,46.532037,-14.362344,0.27613393
1199,-31.69397,45.804487,-14.110517,0.27314657
1200,-31.215078,45.072909,-13.857831,0.27009585
1201,-30.733065,44.337407,-13.604343,0.26698159
1202,-30.247978,43.598089,-13.350111,0.26380367
1203,-29.759866,42.855061,-13.095195,0.260562
1204,-29.268779,42.108431,-12.839653,0.25725651
1205,-28.774764,41.358309,-12.583545,0.2538872
1206,-28.277873,40.604806,-12.326933,0.25045407
1207,-27.778153,39.84803,-12.069877,0.24695718
1208,-27.275656,39.088096,-11.81244,0.24339662
1209,-26.770431,38.325114,-11.554684,0.23977253
1210,-26.262529,37.5592,-11.296671,0.23608508
1211,-25.752001,36.790466,-11.038466,0.23233448
1212,-25.238897,36.019029,-10.780131,0.22852097
1213,-24.72327,35.245003,-10.521733,0.22464486
1214,-24.205171,34.468507,-10.263336,0.22070647
1215,-23.684651,33.689656,-10.005005,0.21670617
1216,-23.161762,32.908569,-9.7468068,0.21264438
1217,-22.636558,32.125365,-9.4888073,0.20852155
1218,-22.109089,31.340163,-9.2310733,0.20433817
1219,-21.57941,30.553082,-8.9736721,0.20009478
1220,-21.047573,29.764245,-8.7166713,0.19579196
1221,-20.513631,28.97377,-8.4601388,0.19143031
1222,-19.977638,28.181781,-8.2041427,0.18701051
1223,-19.439647,27.388399,-7.9487516,0.18253324
1224,-18.899713,26.593747,-7.6940342,0.17799925
1225,-18.357888,25.797947,-7.4400596,0.1734093
1226,-17.814227,25.001124,-7.1868969,0.16876423
1227,-17.268785,24.203401,-6.9346156,0.16406489
1228,-16.721616,23.404901,-6.683285,0.15931218
1229,-16.172775,22.60575,-6.432975,0.15450702
1230,-15.622317,21.806072,-6.1837551,0.1496504
1231,-15.070297,21.005992,-5.9356951,0.14474333
1232,-14.516769,20.205634,-5.6888649,0.13978685
1233,-13.96179,19.405124,-5.443334,0.13478205
1234,-13.405415,18.604587,-5.1991723,0.12973005
1235,-12.847699,17.804148,-4.9564492,0.124632
1236,-12.288698,17.003932,-4.7152341,0.11948909
1237,-11.728469,16.204065,-4.4755965,0.11430255
1238,-11.167067,15.404672,-4.2376051,0.10907364
1239,-10.604548,14.605876,-4.0013288,0.10380363
1240,-10.040968,13.807804,-3.766836,0.098493857
1241,-9.4763846,13.010579,-3.5341948,0.093145655
1242,-8.9108535,12.214326,-3.3034729,0.087760404
1243,-8.3444312,11.419169,-3.0747375,0.082339508
1244,-7.7771745,10.62523,-2.8480552,0.076884399
1245,-7.2091402,9.8326326,-2.6234925,0.07139653
1246,-6.6403849,9.0414996,-2.4011147,0.065877382
1247,-6.0709655,8.2519524,-2.1809869,0.060328457
1248,-5.5009391,7.4641125,-1.9631734,0.054751278
1249,-4.9303626,6.6781002,-1.7477376,0.049147391
1250,-4.3592931,5.8940354,-1.5347424,0.043518356
1251,-3.7877876,5.1120371,-1.3242495,0.037865756
1252,-3.2159033,4.3322233,-1.11632,0.032191186
1253,-2.6436975,3.5547114,-0.91101389,0.026496258
1254,-2.0712273,2.7796175,-0.70839023,0.020782595
1255,-1.49855,2.007057,-0.50850697,0.015051832
1256,-0.92572283,1.2371438,-0.31142098,0.009305618
1257,-0.35280309,0.46999103,-0.11718794,0.003545604
1258,0.22015194,-0.29428961,0.074137673,-0.002226546
1259,0.79308495,-1.0555876,0.26250267,-0.008009165
1260,1.3659386,-1.8137938,0.44785518,-0.013800583
1261,1.9386558,-2.5688005,0.63014471,-0.019599125
1262,2.511179,-3.3205012,0.8093222,-0.025403119
1263,3.0834511,-4.0687912,0.9853401,-0.031210889
1264,3.6554149,-4.8135673,1.1581524,-0.037020764
1265,4.2270132,-5.5547277,1.3277145,-0.042831079
1266,4.7981887,-6.2921725,1.4939838,-0.048640169
1267,5.3688844,-7.0258035,1.6569191,-0.054446382
1268,5.9390433,-7.7555243,1.816481,-0.06024807
1269,6.5086083,-8.4812401,1.9726319,-0.066043599
1270,7.0775223,-9.2028583,2.125336,-0.071831342
1271,7.6457287,-9.9202881,2.2745594,-0.077609691
1272,8.2131705,-10.633441,2.4202701,-0.083377046
1273,8.779791,-11.342229,2.5624381,-0.08913183
1274,9.3455335,-12.046569,2.7010353,-0.094872478
1275,9.9103414,-12.746377,2.8360357,-0.10059745
1276,10.474158,-13.441574,2.9674154,-0.10630521
1277,11.036928,-14.13208,3.0951525,-0.11199427
1278,11.598594,-14.817821,3.2192271,-0.11766314
1279,12.1591,-15.498722,3.3396219,-0.12331038
1280,12.71839,-16.174711,3.4563213,-0.12893454
1281,13.276408,-16.84572,3.5693121,-0.13453423
1282,13.833099,-17.511682,3.6785834,-0.14010806
1283,14.388406,-18.172532,3.7841264,-0.1456547
1284,14.942275,-18.828209,3.8859347,-0.15117282
1285,15.494649,-19.478653,3.984004,-0.15666113
1286,16.045474,-20.123806,4.0783324,-0.16211838
1287,16.594694,-20.763614,4.1689202,-0.16754335
1288,17.142255,-21.398025,4.2557701,-0.17293483
1289,17.688101,-22.026988,4.3388869,-0.17829168
1290,18.232179,-22.650457,4.4182779,-0.18361276
1291,18.774434,-23.268387,4.4939526,-0.188897
1292,19.314811,-23.880734,4.5659226,-0.19414332
1293,19.853257,-24.487459,4.634202,-0.19935073
1294,20.389717,-25.088524,4.6988071,-0.20451822
1295,20.924139,-25.683895,4.7597562,-0.20964486
1296,21.456468,-26.273538,4.8170701,-0.21472974
1297,21.986651,-26.857423,4.8707717,-0.21977198
1298,22.514636,-27.435522,4.9208858,-0.22477076
1299,23.04037,-28.007809,4.9674397,-0.22972526
1300,23.563799,-28.574261,5.0104626,-0.23463473
1301,24.084872,-29.134858,5.0499858,-0.23949844
1302,24.603536,-29.689579,5.0860425,-0.24431571
1303,25.119741,-30.238409,5.1186681,-0.24908589
1304,25.633433,-30.781332,5.1478997,-0.25380836
1305,26.144562,-31.318338,5.1737766,-0.25848255
1306,26.653076,-31.849416,5.1963396,-0.26310791
1307,27.158925,-32.374557,5.2156317,-0.26768393
1308,27.662059,-32.893756,5.2316972,-0.27221015
1309,28.162426,-33.407008,5.2445824,-0.27668614
1310,28.659977,-33.914312,5.2543353,-0.28111148
1311,29.154662,-34.415667,5.2610052,-0.28548582
1312,29.646431,-34.911074,5.2646432,-0.28980881
1313,30.135236,-35.400538,5.2653017,-0.29408017
1314,30.621027,-35.884062,5.2630347,-0.29829961
1315,31.103757,-36.361654,5.2578975,-0.3024669
1316,31.583376,-36.833322,5.2499465,-0.30658184
1317,32.059836,-37.299076,5.2392396,-0.31064424
1318,32.533091,-37.758927,5.2258358,-0.31465397
1319,33.003092,-38.212888,5.2097952,-0.31861089
1320,33.469794,-38.660972,5.1911788,-0.32251492
1321,33.933148,-39.103197,5.1700489,-0.32636599
1322,34.393109,-39.539577,5.1464685,-0.33016407
1323,34.84963,-39.970132,5.1205015,-0.33390915
1324,35.302667,-40.39488,5.0922127,-0.33760123
1325,35.752173,-40.813841,5.0616674,-0.34124034
1326,36.198105,-41.227037,5.0289319,-0.34482656
1327,36.640416,-41.634489,4.9940728,-0.34835995
1328,37.079064,-42.036221,4.9571575,-0.35184062
1329,37.514003,-42.432257,4.9182538,-0.3552687
1330,37.945191,-42.822621,4.8774298,-0.35864431
1331,38.372585,-43.207339,4.8347543,-0.36196762
1332,38.796142,-43.586438,4.790296,-0.36523881
1333,39.215819,-43.959943,4.7441242,-0.36845807
1334,39.631574,-44.327882,4.6963083,-0.37162561
1335,40.043366,-44.690284,4.6469177,-0.37474165
1336,40.451154,-45.047176,4.5960221,-0.37780644
1337,40.854897,-45.398588,4.5436912,-0.38082023
1338,41.254554,-45.744549,4.4899945,-0.38378328
1339,41.650086,-46.085088,4.4350017,-0.38669588
1340,42.041453,-46.420236,4.3787823,-0.3895583
1341,42.428616,-46.750022,4.3214055,-0.39237086
1342,42.811536,-47.074477,4.2629405,-0.39513385
1343,43.190175,-47.393631,4.2034562,-0.39784761
1344,43.564495,-47.707516,4.143021,-0.40051245
1345,43.934459,-48.016162,4.0817034,-0.4031287
1346,44.300029,-48.3196,4.019571,-0.40569672
1347,44.661169,-48.617861,3.9566914,-0.40821685
1348,45.017843,-48.910975,3.8931316,-0.41068944
1349,45.370016,-49.198974,3.828958,-0.41311485
1350,45.717651,-49.481888,3.7642368,-0.41549344
1351,46.060715,-49.759748,3.6990332,-0.41782558
1352,46.399172,-50.032584,3.6334121,-0.42011164
1353,46.73299,-50.300428,3.5674377,-0.42235199
1354,47.062135,-50.563308,3.5011737,-0.42454701
1355,47.386573,-50.821256,3.4346828,-0.42669707
1356,47.706273,-51.0743,3.3680272,-0.42880256
1357,48.021202,-51.32247,3.3012685,-0.43086384
1358,48.331329,-51.565796,3.2344672,-0.4328813
1359,48.636623,-51.804306,3.1676832,-0.43485532
1360,48.937053,-52.038029,3.1009757,-0.43678627
1361,49.23259,-52.266993,3.0344029,-0.43867453
1362,49.523203,-52.491225,2.9680223,-0.44052048
1363,49.808864,-52.710755,2.9018903,-0.44232448
1364,50.089545,-52.925607,2.8360627,-0.44408692
1365,50.365216,-53.13581,2.7705942,-0.44580816
1366,50.635851,-53.341389,2.7055386,-0.44748856
1367,50.901422,-53.542371,2.640949,-0.44912849
1368,51.161904,-53.738781,2.5768772,-0.4507283
1369,51.417269,-53.930643,2.5133742,-0.45228835
1370,51.667492,-54.117982,2.4504902,-0.453809
1371,51.912549,-54.300823,2.3882741,-0.45529058
1372,52.152414,-54.479188,2.3267741,-0.45673344
1373,52.387065,-54.653102,2.266037,-0.45813792
1374,52.616476,-54.822586,2.2061091,-0.45950434
1375,52.840626,-54.987662,2.1470353,-0.46083303
1376,53.059492,-55.148352,2.0888596,-0.46212432
1377,53.273053,-55.304678,2.0316249,-0.46337852
1378,53.481286,-55.456659,1.9753731,-0.46459593
1379,53.68417,-55.604315,1.920145,-0.46577687
1380,53.881687,-55.747667,1.8659805,-0.46692162
1381,54.073815,-55.886733,1.8129182,-0.46803047
1382,54.260536,-56.021532,1.7609958,-0.46910371
1383,54.441831,-56.152081,1.7102498,-0.47014161
1384,54.617682,-56.278398,1.6607157,-0.47114444
1385,54.788071,-56.400499,1.612428,-0.47211246
1386,54.952981,-56.518401,1.56542,-0.47304594
1387,55.112396,-56.63212,1.5197238,-0.4739451
1388,55.2663,-56.741671,1.4753707,-0.4748102
1389,55.414677,-56.847068,1.4323906,-0.47564147
1390,55.557513,-56.948326,1.3908126,-0.47643912
1391,55.694794,-57.045458,1.3506644,-0.47720338
1392,55.826504,-57.138477,1.3119729,-0.47793445
1393,55.952632,-57.227396,1.2747636,-0.47863254
1394,56.073165,-57.312227,1.2390612,-0.47929783
1395,56.188091,-57.39298,1.204889,-0.47993051
1396,56.297398,-57.469667,1.1722695,-0.48053076
1397,56.401075,-57.542299,1.1412239,-0.48109874
1398,56.499112,-57.610884,1.1117722,-0.48163461
1399,56.5915,-57.675433,1.0839336,-0.48213852
1400,56.678228,-57.735954,1.0577259,-0.48261061
1401,56.759288,-57.792454,1.033166,-0.48305103
1402,56.834673,-57.844942,1.0102696,-0.48345988
1403,56.904374,-57.893425,0.9890512,-0.48383729
1404,56.968384,-57.937909,0.9695244,-0.48418337
1405,57.026698,-57.9784,0.95170157,-0.48449822
1406,57.07931,-58.014904,0.93559398,-0.48478192
1407,57.126213,-58.047425,0.9212118,-0.48503456
1408,57.167404,-58.075968,0.90856412,-0.4852562
1409,57.202878,-58.100537,0.89765888,-0.48544692
1410,57.232632,-58.121135,0.88850294,-0.48560677
1411,57.256663,-58.137765,0.88110206,-0.48573579
1412,57.274968,-58.150429,0.87546087,-0.48583403
1413,57.287545,-58.159128,0.87158292,-0.4859015
1414,57.294394,-58.163865,0.86947062,-0.48593824
1415,57.295514,-58.164639,0.8691253,-0.48594424
1416,57.290904,-58.161451,0.87054718,-0.48591952
1417,57.280565,-58.1543,0.87373537,-0.48586406
1418,57.264498,-58.143186,0.87868786,-0.48577785
1419,57.242704,-58.128106,0.88540157,-0.48566086
1420,57.215187,-58.109059,0.89387227,-0.48551306
1421,57.181947,-58.086042,0.90409466,-0.48533441
1422,57.14299,-58.059052,0.91606231,-0.48512486
1423,57.098319,-58.028086,0.92976768,-0.48488434
1424,57.047937,-57.993139,0.94520215,-0.48461279
1425,56.991851,-57.954207,0.96235597,-0.48431013
1426,56.930066,-57.911284,0.98121829,-0.48397626
1427,56.862588,-57.864365,1.0017772,-0.48361111
1428,56.789424,-57.813443,1.0240195,-0.48321455
1429,56.71058,-57.758511,1.0479312,-0.48278648
1430,56.626066,-57.699563,1.0734969,-0.48232679
1431,56.535889,-57.636589,1.1007002,-0.48183532
1432,56.440059,-57.569582,1.1295237,-0.48131196
1433,56.338584,-57.498533,1.1599488,-0.48075655
1434,56.231476,-57.423432,1.1919557,-0.48016893
1435,56.118745,-57.344269,1.2255237,-0.47954895
1436,56.000402,-57.261033,1.2606308,-0.47889642
1437,55.876459,-57.173713,1.2972541,-0.47821117
1438,55.746928,-57.082298,1.3353694,-0.47749301
1439,55.611823,-56.986774,1.3749514,-0.47674175
1440,55.471157,-56.88713,1.4159739,-0.47595717
1441,55.324943,-56.783352,1.4584095,-0.47513907
1442,55.173197,-56.675427,1.5022296,-0.47428722
1443,55.015934,-56.563338,1.5474045,-0.47340139
1444,54.853169,-56.447073,1.5939037,-0.47248135
1445,54.684919,-56.326614,1.6416953,-0.47152686
1446,54.5112,-56.201947,1.6907463,-0.47053766
1447,54.332031,-56.073054,1.7410228,-0.4695135
1448,54.147428,-55.939918,1.7924898,-0.4684541
1449,53.957411,-55.802522,1.8451111,-0.4673592
1450,53.761998,-55.660847,1.8988494,-0.46622851
1451,53.561208,-55.514875,1.9536665,-0.46506176
1452,53.355063,-55.364586,2.0095231,-0.46385863
1453,53.143582,-55.209961,2.0663786,-0.46261885
1454,52.926787,-55.050979,2.1241916,-0.46134209
1455,52.704699,-54.887619,2.1829197,-0.46002805
1456,52.477341,-54.71986,2.2425191,-0.45867641
1457,52.244735,-54.54768,2.3029454,-0.45728684
1458,52.006905,-54.371058,2.3641528,-0.45585902
1459,51.763874,-54.189968,2.4260947,-0.45439261
1460,51.515666,-54.00439,2.4887235,-0.45288727
1461,51.262308,-53.814298,2.5519905,-0.45134266
1462,51.003823,-53.619669,2.615846,-0.44975843
1463,50.740237,-53.420477,2.6802394,-0.44813422
1464,50.471578,-53.216697,2.7451191,-0.44646968
1465,50.197871,-53.008304,2.8104326,-0.44476445
1466,49.919145,-52.795272,2.8761264,-0.44301815
1467,49.635427,-52.577573,2.942146,-0.44123043
1468,49.346746,-52.355182,3.0084361,-0.43940092
1469,49.053129,-52.12807,3.0749406,-0.43752924
1470,48.754608,-51.89621,3.1416024,-0.43561501
1471,48.451211,-51.659574,3.2083634,-0.43365787
1472,48.142969,-51.418134,3.275165,-0.43165743
1473,47.829913,-51.17186,3.3419476,-0.42961332
1474,47.512074,-50.920724,3.4086508,-0.42752516
1475,47.189483,-50.664697,3.4752134,-0.42539256
1476,46.862174,-50.403747,3.5415735,-0.42321515
1477,46.530178,-50.137847,3.6076686,-0.42099256
1478,46.19353,-49.866965,3.6734353,-0.41872441
1479,45.852262,-49.591072,3.7388098,-0.41641032
1480,45.506409,-49.310137,3.8037273,-0.41404992
1481,45.156006,-49.024129,3.8681227,-0.41164285
1482,44.801087,-48.733017,3.9319303,-0.40918875
1483,44.441688,-48.436771,3.9950836,-0.40668724
1484,44.077844,-48.13536,4.057516,-0.40413798
1485,43.709593,-47.828753,4.1191601,-0.40154061
1486,43.336971,-47.51692,4.1799482,-0.3988948
1487,42.960016,-47.199828,4.2398123,-0.3962002
1488,42.578764,-46.877448,4.2986838,-0.39345649
1489,42.193255,-46.549749,4.3564941,-0.39066334
1490,41.803526,-46.2167,4.413174,-0.38782044
1491,41.409617,-45.878271,4.4686545,-0.38492748
1492,41.011567,-45.534433,4.5228659,-0.38198418
1493,40.609416,-45.185155,4.5757388,-0.37899025
1494,40.203204,-44.830407,4.6272036,-0.37594542
1495,39.792971,-44.470162,4.6771906,-0.37284944
1496,39.37876,-44.10439,4.7256302,-0.36970205
1497,38.960611,-43.733063,4.7724528,-0.36650303
1498,38.538565,-43.356154,4.8175889,-0.36325216
1499,38.112666,-42.973635,4.8609693,-0.35994923
1500,37.682955,-42.58548,4.9025251,-0.35659408
1501,37.249477,-42.191664,4.9421873,-0.35318653
1502,36.812273,-41.792161,4.9798878,-0.34972643
1503,36.371388,-41.386947,5.0155584,-0.34621365
1504,35.926866,-40.975998,5.0491318,-0.34264809
1505,35.478752,-40.559292,5.0805409,-0.33902965
1506,35.027089,-40.136808,5.1097194,-0.33535828
1507,34.571924,-39.708525,5.1366015,-0.33163391
1508,34.113302,-39.274424,5.1611222,-0.32785655
1509,33.651268,-38.834485,5.1832173,-0.32402618
1510,33.185869,-38.388693,5.2028233,-0.32014284
1511,32.717152,-37.93703,5.2198779,-0.31620657
1512,32.245163,-37.479482,5.2343193,-0.31221747
1513,31.76995,-37.016037,5.2460872,-0.30817564
1514,31.291559,-36.546681,5.2551221,-0.30408121
1515,30.81004,-36.071405,5.2613657,-0.29993436
1516,30.325439,-35.5902,5.264761,-0.29573527
1517,29.837806,-35.103058,5.2652522,-0.29148417
1518,29.347189,-34.609974,5.2627849,-0.28718132
1519,28.853638,-34.110944,5.257306,-0.28282701
1520,28.357201,-33.605965,5.2487639,-0.27842156
1521,27.857928,-33.095037,5.2371085,-0.27396532
1522,27.35587,-32.578161,5.2222914,-0.26945868
1523,26.851076,-32.055342,5.2042657,-0.26490206
1524,26.343597,-31.526583,5.1829861,-0.26029592
1525,25.833484,-30.991893,5.1584092,-0.25564076
1526,25.320787,-30.451281,5.1304933,-0.25093709
1527,24.805559,-29.904757,5.0991986,-0.24618548
1528,24.287849,-29.352336,5.064487,-0.24138654
1529,23.767711,-28.794034,5.0263226,-0.2365409
1530,23.245197,-28.229868,4.9846712,-0.23164922
1531,22.720357,-27.659858,4.9395008,-0.22671223
1532,22.193246,-27.084027,4.8907813,-0.22173066
1533,21.663916,-26.5024,4.8384847,-0.21670531
1534,21.132419,-25.915004,4.7825853,-0.21163699
1535,20.598809,-25.321868,4.7230594,-0.20652657
1536,20.063139,-24.723024,4.6598853,-0.20137493
1537,19.525462,-24.118506,4.5930439,-0.196183
1538,18.985833,-23.508351,4.5225179,-0.19095177
1539,18.444306,-22.892599,4.4482925,-0.18568223
1540,17.900934,-22.271289,4.370355,-0.18037541
1541,17.355772,-21.644467,4.2886952,-0.17503241
1542,16.808875,-21.01218,4.2033049,-0.16965433
1543,16.260297,-20.374475,4.1141782,-0.16424231
1544,15.710092,-19.731404,4.0213118,-0.15879753
1545,15.158317,-19.083021,3.9247043,-0.15332121
1546,14.605026,-18.429382,3.8243568,-0.14781458
1547,14.050274,-17.770547,3.7202726,-0.14227893
1548,13.494117,-17.106575,3.6124573,-0.13671557
1549,12.936611,-16.43753,3.5009189,-0.13112582
1550,12.377812,-15.763479,3.3856673,-0.12551106
1551,11.817774,-15.084489,3.2667149,-0.11987267
1552,11.256555,-14.400631,3.1440763,-0.11421208
1553,10.69421,-13.711978,3.0177683,-0.10853074
1554,10.130796,-13.018605,2.8878096,-0.1028301
1555,9.5663681,-12.32059,2.7542214,-0.097111679
1556,9.0009841,-11.618011,2.6170268,-0.091376976
1557,8.4347,-10.910951,2.476251,-0.085627531
1558,7.8675724,-10.199494,2.3319212,-0.079864901
1559,7.2996581,-9.4837249,2.1840668,-0.07409066
1560,6.7310138,-8.7637328,2.032719,-0.068306397
1561,6.1616964,-8.0396074,1.8779109,-0.062513718
1562,5.5917629,-7.3114405,1.7196777,-0.056714243
1563,5.0212702,-6.5793262,1.5580561,-0.050909603
1564,4.4502753,-5.8433602,1.3930849,-0.04510144
1565,3.8788355,-5.10364,1.2248045,-0.039291406
1566,3.3070077,-4.3602649,1.0532572,-0.033481161
1567,2.7348493,-3.6133359,0.87848661,-0.027672369
1568,2.1624173,-2.8629556,0.70053827,-0.021866701
1569,1.5897692,-2.1092283,0.51945913,-0.016065829
1570,1.016962,-1.3522597,0.33529766,-0.010271428
1571,0.4440532,-0.59215701,0.14810381,-0.004485171
1572,-0.12890004,0.17097113,-0.042071091,0.001291269
1573,-0.70184039,0.93701475,-0.23517436,0.007056223
1574,-1.2747106,1.7058626,-0.43115201,0.012808028
1575,-1.8474533,2.4774021,-0.62994883,0.018545025
1576,-2.4200112,3.2515196,-0.83150841,0.024265566
1577,-2.9923272,4.0281004,-1.0357732,0.029968009
1578,-3.5643439,4.8070285,-1.2426846,0.035650728
1579,-4.1360042,5.5881871,-1.452183,0.041312104
1580,-4.7072509,6.3714585,-1.6642076,0.046950537
1581,-5.2780269,7.156724,-1.8786971,0.052564438
1582,-5.848275,7.943864,-2.0955889,0.058152239
1583,-6.4179384,8.7327583,-2.31482,0.063712388
1584,-6.98696,9.5232861,-2.5363262,0.069243353
1585,-7.5552828,10.315326,-2.7600428,0.074743623
1586,-8.1228502,11.108755,-2.9859046,0.080211709
1587,-8.6896053,11.903451,-3.2138456,0.085646146
1588,-9.2554914,12.699291,-3.4437992,0.091045495
1589,-9.820452,13.49615,-3.6756984,0.096408341
1590,-10.384431,14.293906,-3.9094757,0.1017333
1591,-10.947371,15.092434,-4.1450632,0.107019
1592,-11.509216,15.891608,-4.3823925,0.11226413
1593,-12.06991,16.691305,-4.621395,0.11746738
1594,-12.629398,17.4914,-4.8620018,0.12262748
1595,-13.187623,18.291766,-5.1041438,0.1277432
1596,-13.744528,19.09228,-5.3477517,0.13281334
1597,-14.30006,19.892815,-5.5927558,0.13783672
1598,-14.854161,20.693248,-5.8390865,0.14281222
1599,-15.406777,21.493451,-6.0866742,0.14773873
1600,-15.957852,22.293301,-6.3354492,0.15261518
1601,-16.507332,23.092673,-6.5853415,0.15744057
1602,-17.055161,23.891442,-6.8362815,0.16221389
1603,-17.601284,24.689484,-7.0881996,0.1669342
1604,-18.145647,25.486673,-7.3410261,0.17160058
1605,-18.688196,26.282888,-7.5946917,0.17621217
1606,-19.228876,27.078003,-7.849127,0.18076812
1607,-19.767633,27.871896,-8.104263,0.18526765
1608,-20.304413,28.664444,-8.3600309,0.18970999
1609,-20.839163,29.455525,-8.6163619,0.19409445
1610,-21.371829,30.245016,-8.8731878,0.19842033
1611,-21.902357,31.032798,-9.1304406,0.20268702
1612,-22.430696,31.818748,-9.3880525,0.20689392
1613,-22.956791,32.602748,-9.6459563,0.21104047
1614,-23.480591,33.384676,-9.9040849,0.21512617
1615,-24.002043,34.164415,-10.162372,0.21915055
1616,-24.521094,34.941845,-10.420751,0.22311318
1617,-25.037694,35.71685,-10.679157,0.22701367
1618,-25.55179,36.489313,-10.937523,0.23085168
1619,-26.06333,37.259117,-11.195787,0.23462689
1620,-26.572265,38.026147,-11.453882,0.23833905
1621,-27.078542,38.790288,-11.711746,0.24198792
1622,-27.582111,39.551427,-11.969316,0.24557333
1623,-28.082922,40.30945,-12.226528,0.24909511
1624,-28.580925,41.064246,-12.483321,0.25255316
1625,-29.076069,41.815702,-12.739633,0.25594742
1626,-29.568307,42.563709,-12.995403,0.25927785
1627,-30.057587,43.308158,-13.250571,0.26254445
1628,-30.543861,44.048939,-13.505077,0.26574728
1629,-31.027082,44.785945,-13.758863,0.2688864
1630,-31.507199,45.519069,-14.011869,0.27196194
1631,-31.984166,46.248205,-14.264039,0.27497404
1632,-32.457935,46.973249,-14.515315,0.27792289
1633,-32.928457,47.694097,-14.76564,0.28080872
1634,-33.395687,48.410646,-15.014959,0.28363177
1635,-33.859578,49.122794,-15.263216,0.28639233
1636,-34.320082,49.830441,-15.510359,0.28909072
1637,-34.777154,50.533486,-15.756332,0.2917273
1638,-35.230749,51.231832,-16.001083,0.29430243
1639,-35.680821,51.92538,-16.244559,0.29681654
1640,-36.127324,52.614034,-16.486709,0.29927006
1641,-36.570215,53.297699,-16.727483,0.30166346
1642,-37.009449,53.97628,-16.96683,0.30399724
1643,-37.444982,54.649684,-17.204701,0.30627192
1644,-37.876771,55.317818,-17.441047,0.30848804
1645,-38.304772,55.980593,-17.675821,0.31064618
1646,-38.728942,56.637917,-17.908975,0.31274694
1647,-39.14924,57.289702,-18.140462,0.31479094
1648,-39.565623,57.935861,-18.370238,0.31677882
1649,-39.978049,58.576306,-18.598257,0.31871124
1650,-40.386477,59.210952,-18.824475,0.32058889
1651,-40.790867,59.839716,-19.048849,0.32241248
1652,-41.191178,60.462513,-19.271336,0.32418272
1653,-41.58737,61.079263,-19.491893,0.32590035
1654,-41.979403,61.689883,-19.710481,0.32756615
1655,-42.367238,62.294295,-19.927058,0.32918087
1656,-42.750836,62.89242,-20.141584,0.3307453
1657,-43.130159,63.484181,-20.354021,0.33226026
1658,-43.50517,64.0695,-20.564331,0.33372655
1659,-43.87583,64.648304,-20.772475,0.335145
1660,-44.242102,65.220519,-20.978417,0.33651646
1661,-44.60395,65.786071,-21.182121,0.33784176
1662,-44.961338,66.34489,-21.383552,0.33912178
1663,-45.31423,66.896904,-21.582675,0.34035738
1664,-45.66259,67.442046,-21.779456,0.34154943
1665,-46.006384,67.980245,-21.973861,0.34269881
1666,-46.345577,68.511437,-22.165859,0.34380643
1667,-46.680136,69.035554,-22.355418,0.34487315
1668,-47.010027,69.552533,-22.542505,0.3458999
1669,-47.335217,70.06231,-22.727092,0.34688756
1670,-47.655674,70.564822,-22.909148,0.34783704
1671,-47.971365,71.06001,-23.088645,0.34874925
1672,-48.282259,71.547812,-23.265553,0.34962508
1673,-48.588325,72.02817,-23.439845,0.35046545
1674,-48.889532,72.501026,-23.611495,0.35127126
1675,-49.18585,72.966325,-23.780475,0.35204342
1676,-49.477249,73.424009,-23.94676,0.35278282
1677,-49.763701,73.874026,-24.110325,0.35349036
1678,-50.045177,74.316322,-24.271146,0.35416694
1679,-50.321648,74.750845,-24.429198,0.35481344
1680,-50.593086,75.177545,-24.584459,0.35543075
1681,-50.859466,75.596371,-24.736905,0.35601975
1682,-51.12076,76.007275,-24.886515,0.35658131
1683,-51.376941,76.41021,-25.033268,0.35711628
1684,-51.627985,76.805129,-25.177143,0.35762553
1685,-51.873867,77.191986,-25.31812,0.35810991
1686,-52.114561,77.570739,-25.456178,0.35857024
1687,-52.350043,77.941342,-25.591299,0.35900735
1688,-52.580291,78.303756,-25.723465,0.35942207
1689,-52.80528,78.657938,-25.852658,0.35981518
1690,-53.024989,79.003849,-25.978859,0.3601875
1691,-53.239396,79.34145,-26.102054,0.3605398
1692,-53.448479,79.670703,-26.222224,0.36087283
1693,-53.652217,79.991572,-26.339355,0.36118737
1694,-53.850589,80.304021,-26.453432,0.36148414
1695,-54.043577,80.608016,-26.564439,0.36176388
1696,-54.231161,80.903523,-26.672362,0.36202729
1697,-54.413321,81.190509,-26.777188,0.36227506
1698,-54.59004,81.468944,-26.878904,0.36250787
1699,-54.7613,81.738797,-26.977497,0.36272639
1700,-54.927084,82.000039,-27.072955,0.36293126
1701,-55.087376,82.25264,-27.165265,0.36312311
1702,-55.242158,82.496575,-27.254417,0.36330254
1703,-55.391417,82.731817,-27.3404,0.36347015
1704,-55.535136,82.95834,-27.423203,0.36362651
1705,-55.673302,83.176119,-27.502817,0.36377217
1706,-55.805901,83.385133,-27.579233,0.36390768
1707,-55.932919,83.585359,-27.65244,0.36403354
1708,-56.054344,83.776774,-27.722431,0.36415024
1709,-56.170163,83.95936,-27.789197,0.36425828
1710,-56.280366,84.133096,-27.852731,0.36435809
1711,-56.38494,84.297965,-27.913025,0.36445012
1712,-56.483876,84.453949,-27.970072,0.36453477
1713,-56.577164,84.60103,-28.023866,0.36461245
1714,-56.664794,84.739195,-28.074401,0.36468351
1715,-56.746758,84.868429,-28.121671,0.36474832
1716,-56.823047,84.988718,-28.165671,0.36480719
1717,-56.893654,85.100049,-28.206395,0.36486044
1718,-56.958571,85.20241,-28.243839,0.36490834
1719,-57.017793,85.295792,-28.278,0.36495115
1720,-57.071312,85.380185,-28.308872,0.36498913
1721,-57.119125,85.455579,-28.336454,0.36502247
1722,-57.161226,85.521967,-28.360741,0.36505137
1723,-57.197611,85.579342,-28.381731,0.36507601
1724,-57.228276,85.627697,-28.399421,0.36509653
1725,-57.253219,85.667029,-28.413811,0.36511305
1726,-57.272436,85.697333,-28.424897,0.36512568
1727,-57.285926,85.718606,-28.43268,0.36513449
1728,-57.293687,85.730845,-28.437158,0.36513954
1729,-57.295719,85.734049,-28.43833,0.36514086
1730,-57.292022,85.728218,-28.436197,0.36513846
1731,-57.282595,85.713353,-28.430758,0.36513232
1732,-57.26744,85.689455,-28.422015,0.36512241
1733,-57.246558,85.656527,-28.409968,0.36510866
1734,-57.219952,85.614571,-28.394619,0.36509098
1735,-57.187624,85.563593,-28.375969,0.36506928
1736,-57.149577,85.503598,-28.354021,0.36504342
1737,-57.105816,85.434591,-28.328776,0.36501324
1738,-57.056343,85.356581,-28.300237,0.36497857
1739,-57.001166,85.269574,-28.268409,0.36493922
1740,-56.940288,85.173581,-28.233293,0.36489495
1741,-56.873716,85.068611,-28.194895,0.36484552
1742,-56.801456,84.954675,-28.153218,0.36479067
1743,-56.723517,84.831785,-28.108268,0.36473011
1744,-56.639906,84.699954,-28.060048,0.36466352
1745,-56.55063,84.559195,-28.008565,0.36459057
1746,-56.455699,84.409524,-27.953825,0.3645109
1747,-56.355123,84.250956,-27.895833,0.36442414
1748,-56.248912,84.083508,-27.834596,0.3643299
1749,-56.137075,83.907197,-27.770122,0.36422774
1750,-56.019625,83.722043,-27.702418,0.36411723
1751,-55.896573,83.528064,-27.631491,0.36399792
1752,-55.767932,83.325282,-27.55735,0.36386931
1753,-55.633713,83.113718,-27.480004,0.3637309
1754,-55.493932,82.893394,-27.399462,0.36358219
1755,-55.348601,82.664334,-27.315734,0.36342261
1756,-55.197735,82.426563,-27.228828,0.36325163
1757,-55.041349,82.180106,-27.138757,0.36306865
1758,-54.879459,81.92499,-27.045531,0.36287308
1759,-54.712082,81.661243,-26.949161,0.36266431
1760,-54.539233,81.388892,-26.849659,0.3624417
1761,-54.360931,81.107968,-26.747038,0.36220461
1762,-54.177192,80.818502,-26.64131,0.36195236
1763,-53.988036,80.520524,-26.532488,0.36168428
1764,-53.793481,80.214068,-26.420588,0.36139967
1765,-53.593546,79.899168,-26.305622,0.36109781
1766,-53.388252,79.575858,-26.187606,0.36077797
1767,-53.17762,79.244174,-26.066554,0.36043941
1768,-52.96167,78.904154,-25.942484,0.36008137
1769,-52.740423,78.555835,-25.815411,0.35970309
1770,-52.513903,78.199256,-25.685353,0.35930378
1771,-52.282132,77.834457,-25.552326,0.35888263
1772,-52.045132,77.461481,-25.416349,0.35843886
1773,-51.802927,77.080368,-25.27744,0.35797162
1774,-51.555543,76.691162,-25.135619,0.35748011
1775,-51.303003,76.293909,-24.990906,0.35696346
1776,-51.045332,75.888653,-24.84332,0.35642085
1777,-50.782558,75.475441,-24.692883,0.35585141
1778,-50.514705,75.054321,-24.539616,0.35525427
1779,-50.2418,74.625342,-24.383542,0.35462856
1780,-49.963872,74.188554,-24.224683,0.35397341
1781,-49.680947,73.744008,-24.063062,0.35328792
1782,-49.393054,73.291757,-23.898703,0.35257121
1783,-49.100221,72.831854,-23.731632,0.35182238
1784,-48.802479,72.364353,-23.561874,0.35104054
1785,-48.499857,71.88931,-23.389453,0.35022477
1786,-48.192384,71.406782,-23.214398,0.34937419
1787,-47.880093,70.916827,-23.036734,0.34848787
1788,-47.563013,70.419504,-22.856491,0.34756493
1789,-47.241177,69.914873,-22.673696,0.34660444
1790,-46.914618,69.402997,-22.488379,0.34560551
1791,-46.583366,68.883936,-22.30057,0.34456724
1792,-46.247457,68.357756,-22.110299,0.34348872
1793,-45.906922,67.82452,-21.917598,0.34236906
1794,-45.561797,67.284296,-21.722499,0.34120736
1795,-45.212116,66.73715,-21.525034,0.34000274
1796,-44.857914,66.18315,-21.325236,0.33875432
1797,-44.499226,65.622367,-21.123141,0.33746123
1798,-44.136088,65.054871,-20.918783,0.3361226
1799,-43.768536,64.480733,-20.712197,0.33473757
1800,-43.396608,63.900027,-20.503419,0.3333053
1801,-43.02034,63.312828,-20.292487,0.33182494
1802,-42.63977,62.719209,-20.079439,0.33029569
1803,-42.254936,62.119249,-19.864312,0.32871672
1804,-41.865877,61.513024,-19.647147,0.32708723
1805,-41.472631,60.900614,-19.427983,0.32540645
1806,-41.075238,60.282098,-19.20686,0.3236736
1807,-40.673737,59.657558,-18.98382,0.32188793
1808,-40.268169,59.027075,-18.758906,0.3200487
1809,-39.858575,58.390735,-18.53216,0.3181552
1810,-39.444994,57.74862,-18.303626,0.31620673
1811,-39.027469,57.100817,-18.073348,0.3142026
1812,-38.606041,56.447412,-17.841371,0.31214217
1813,-38.180753,55.788495,-17.607742,0.31002479
1814,-37.751647,55.124153,-17.372506,0.30784986
1815,-37.318765,54.454477,-17.135712,0.30561677
1816,-36.882152,53.779559,-16.897407,0.30332497
1817,-36.44185,53.09949,-16.65764,0.30097392
1818,-35.997905,52.414365,-16.416461,0.29856309
1819,-35.550359,51.724279,-16.173919,0.296092
1820,-35.099259,51.029326,-15.930067,0.2935602
1821,-34.644649,50.329604,-15.684956,0.29096725
1822,-34.186574,49.625211,-15.438637,0.28831274
1823,-33.72508,48.916246,-15.191165,0.28559631
1824,-33.260215,48.202808,-14.942593,0.28281762
1825,-32.792023,47.484999,-14.692976,0.27997635
1826,-32.320552,46.762921,-14.442369,0.27707223
1827,-31.845849,46.036676,-14.190828,0.27410501
1828,-31.367961,45.30637,-13.938409,0.27107448
1829,-30.886936,44.572107,-13.68517,0.26798048
1830,-30.402823,43.833992,-13.431169,0.26482285
1831,-29.91567,43.092134,-13.176464,0.26160149
1832,-29.425525,42.34664,-12.921115,0.25831634
1833,-28.932438,41.597619,-12.665181,0.25496735
1834,-28.436457,40.84518,-12.408723,0.25155455
1835,-27.937633,40.089435,-12.151802,0.24807796
1836,-27.436015,39.330494,-11.894479,0.24453767
1837,-26.931653,38.568471,-11.636818,0.2409338
1838,-26.424599,37.803479,-11.37888,0.23726651
1839,-25.914902,37.03563,-11.120729,0.233536
1840,-25.402613,36.265042,-10.862429,0.2297425
1841,-24.887784,35.491828,-10.604044,0.2258863
1842,-24.370466,34.716106,-10.345639,0.22196771
1843,-23.850712,33.937992,-10.08728,0.21798709
1844,-23.328572,33.157605,-9.8290326,0.21394484
1845,-22.8041,32.375062,-9.5709624,0.2098414
1846,-22.277347,31.590483,-9.3131366,0.20567725
1847,-21.748366,30.803988,-9.0556221,0.20145291
1848,-21.217211,30.015697,-8.7984864,0.19716896
1849,-20.683933,29.225731,-8.5417973,0.19282598
1850,-20.148588,28.434211,-8.2856229,0.18842462
1851,-19.611228,27.641259,-8.0300317,0.18396558
1852,-19.071906,26.846998,-7.7750922,0.17944957
1853,-18.530677,26.051551,-7.5208735,0.17487737
1854,-17.987596,25.25504,-7.2674447,0.17024976
1855,-17.442715,24.45759,-7.0148751,0.16556761
1856,-16.896091,23.659325,-6.7632341,0.1608318
1857,-16.347776,22.860368,-6.5125914,0.15604325
1858,-15.797827,22.060844,-6.2630167,0.15120291
1859,-15.246298,21.260878,-6.0145797,0.1463118
1860,-14.693245,20.460595,-5.7673502,0.14137094
1861,-14.138722,19.66012,-5.5213979,0.13638141
1862,-13.582786,18.859578,-5.2767924,0.13134432
1863,-13.025491,18.059094,-5.0336036,0.12626081
1864,-12.466893,17.258794,-4.7919006,0.12113206
1865,-11.907049,16.458802,-4.551753,0.11595929
1866,-11.346014,15.659244,-4.3132298,0.11074373
1867,-10.783845,14.860245,-4.0763997,0.10548667
1868,-10.220597,14.061929,-3.8413314,0.10018942
1869,-9.6563274,13.26442,-3.6080931,0.094853308
1870,-9.0910919,12.467844,-3.3767525,0.089479708
1871,-8.5249474,11.672324,-3.147377,0.084070012
1872,-7.9579503,10.877984,-2.9200336,0.078625644
1873,-7.3901575,10.084946,-2.6947886,0.073148051
1874,-6.8216257,9.2933334,-2.4717077,0.067638704
1875,-6.2524117,8.5032679,-2.2508563,0.062099099
1876,-5.6825725,7.7148711,-2.0322986,0.056530754
1877,-5.112165,6.9282636,-1.8160986,0.050935205
1878,-4.5412463,6.1435655,-1.6023192,0.04531401
1879,-3.9698735,5.3608961,-1.3910226,0.039668744
1880,-3.3981037,4.5803737,-1.18227,0.034000998
1881,-2.8259941,3.8021159,-0.97612184,0.028312379
1882,-2.2536019,3.0262393,-0.7726374,0.022604506
1883,-1.6809843,2.2528593,-0.57187502,0.016879012
1884,-1.1081987,1.4820906,-0.37389191,0.01113754
1885,-0.53530218,0.71404634,-0.17874415,0.005381742
1886,0.03764782,-0.051161224,0.013513405,-0.000386723
1887,0.61059406,-0.8134212,0.20282714,-0.006166188
1888,1.1834792,-1.572624,0.38914477,-0.011954985
1889,1.7562461,-2.3286614,0.57241535,-0.01775144
1890,2.3288373,-3.0814266,0.75258936,-0.023553879
1891,2.9011956,-3.8308144,0.92961875,-0.029360627
1892,3.4732638,-4.5767208,1.103457,-0.035170013
1893,4.0449847,-5.3190439,1.2740592,-0.040980369
1894,4.6163011,-6.057683,1.4413819,-0.046790029
1895,5.1871559,-6.7925394,1.6053835,-0.052597338
1896,5.7574919,-7.523516,1.7660241,-0.058400645
1897,6.3272522,-8.2505177,1.9232654,-0.064198313
1898,6.8963798,-8.973451,2.0770712,-0.069988711
1899,7.4648178,-9.6922247,2.2274069,-0.075770226
1900,8.0325093,-10.406749,2.3742399,-0.081541256
1901,8.5993975,-11.116937,2.5175395,-0.087300215
1902,9.1654258,-11.822703,2.657277,-0.093045533
1903,9.7305376,-12.523963,2.7934258,-0.098775662
1904,10.294676,-13.220638,2.9259613,-0.10448907
1905,10.857786,-13.912646,3.0548609,-0.11018425
1906,11.419809,-14.599913,3.1801041,-0.11585971
1907,11.980691,-15.282363,3.3016728,-0.121514
1908,12.540374,-15.959925,3.4195508,-0.12714566
1909,13.098804,-16.632528,3.5337243,-0.13275329
1910,13.655923,-17.300104,3.6441814,-0.13833551
1911,14.211677,-17.96259,3.7509128,-0.14389096
1912,14.76601,-18.619921,3.8539113,-0.1494183
1913,15.318866,-19.272038,3.9531719,-0.15491625
1914,15.870191,-19.918882,4.048692,-0.16038353
1915,16.419928,-20.560399,4.1404711,-0.16581891
1916,16.968023,-21.196534,4.2285112,-0.17122118
1917,17.514422,-21.827238,4.3128164,-0.17658919
1918,18.059069,-22.452462,4.3933933,-0.18192178
1919,18.60191,-23.072161,4.4702506,-0.18721787
1920,19.142891,-23.686291,4.5433992,-0.19247638
1921,19.681958,-24.294811,4.6128526,-0.19769629
1922,20.219057,-24.897683,4.6786261,-0.2028766
1923,20.754134,-25.494871,4.7407376,-0.20801636
1924,21.287135,-26.086342,4.7992071,-0.21311464
1925,21.818008,-26.672064,4.8540567,-0.21817055
1926,22.346699,-27.252009,4.9053107,-0.22318326
1927,22.873155,-27.82615,4.9529955,-0.22815195
1928,23.397324,-28.394464,4.9971399,-0.23307584
1929,23.919153,-28.956927,5.0377743,-0.23795421
1930,24.43859,-29.513522,5.0749314,-0.24278635
1931,24.955584,-30.06423,5.108646,-0.24757159
1932,25.470082,-30.609036,5.1389545,-0.25230933
1933,25.982033,-31.147928,5.1658957,-0.25699895
1934,26.491386,-31.680895,5.1895097,-0.26163992
1935,26.998089,-32.207928,5.2098389,-0.26623171
1936,27.502093,-32.72902,5.2269272,-0.27077385
1937,28.003347,-33.244167,5.2408204,-0.27526588
1938,28.5018,-33.753366,5.2515657,-0.27970739
1939,28.997403,-34.256616,5.2592121,-0.28409802
1940,29.490107,-34.753917,5.2638103,-0.2884374
1941,29.979861,-35.245274,5.2654121,-0.29272523
1942,30.466618,-35.730689,5.264071,-0.29696124
1943,30.950328,-36.21017,5.2598419,-0.30114517
1944,31.430943,-36.683724,5.252781,-0.3052768
1945,31.908415,-37.15136,5.2429456,-0.30935595
1946,32.382696,-37.61309,5.2303944,-0.31338247
1947,32.853739,-38.068926,5.2151871,-0.31735622
1948,33.321496,-38.518881,5.1973845,-0.32127711
1949,33.785921,-38.96297,5.1770485,-0.32514506
1950,34.246968,-39.40121,5.1542417,-0.32896002
1951,34.70459,-39.833618,5.1290279,-0.33272198
1952,35.158742,-40.260213,5.1014716,-0.33643094
1953,35.609378,-40.681016,5.0716379,-0.34008692
1954,36.056453,-41.096045,5.0395928,-0.34368998
1955,36.499922,-41.505325,5.0054029,-0.34724019
1956,36.939741,-41.908876,4.9691352,-0.35073764
1957,37.375867,-42.306724,4.9308575,-0.35418245
1958,37.808254,-42.698892,4.8906378,-0.35757476
1959,38.236862,-43.085406,4.8485445,-0.36091471
1960,38.661645,-43.466292,4.8046466,-0.36420248
1961,39.082562,-43.841575,4.7590131,-0.36743826
1962,39.499571,-44.211285,4.7117134,-0.37062225
1963,39.91263,-44.575447,4.6628168,-0.37375467
1964,40.321698,-44.934091,4.6123931,-0.37683576
1965,40.726734,-45.287246,4.5605118,-0.37986577
1966,41.127697,-45.63494,4.5072426,-0.38284495
1967,41.524547,-45.977202,4.4526551,-0.38577359
1968,41.917245,-46.314064,4.3968188,-0.38865196
1969,42.305752,-46.645555,4.3398032,-0.39148037
1970,42.690027,-46.971705,4.2816773,-0.39425911
1971,43.070034,-47.292544,4.2225102,-0.39698852
1972,43.445734,-47.608104,4.1623705,-0.3996689
1973,43.817089,-47.918416,4.1013266,-0.4023006
1974,44.184063,-48.223509,4.0394464,-0.40488394
1975,44.546618,-48.523415,3.9767975,-0.40741929
1976,44.904718,-48.818166,3.9134471,-0.40990698
1977,45.258329,-49.10779,3.8494619,-0.41234738
1978,45.607413,-49.392321,3.7849079,-0.41474084
1979,45.951937,-49.671788,3.7198509,-0.41708774
1980,46.291865,-49.946221,3.6543558,-0.41938844
1981,46.627164,-50.215651,3.588487,-0.42164331
1982,46.957801,-50.48011,3.5223084,-0.42385273
1983,47.283742,-50.739625,3.455883,-0.42601707
1984,47.604955,-50.994228,3.3892732,-0.42813671
1985,47.921407,-51.243947,3.3225407,-0.43021203
1986,48.233067,-51.488813,3.2557464,-0.43224341
1987,48.539904,-51.728854,3.1889504,-0.43423122
1988,48.841886,-51.964099,3.1222122,-0.43617585
1989,49.138985,-52.194575,3.0555903,-0.43807767
1990,49.43117,-52.420312,2.9891422,-0.43993706
1991,49.718412,-52.641337,2.922925,-0.44175438
1992,50.000682,-52.857676,2.8569944,-0.44353002
1993,50.277951,-53.069357,2.7914056,-0.44526434
1994,50.550194,-53.276406,2.7262127,-0.44695771
1995,50.817381,-53.47885,2.661469,-0.44861049
1996,51.079486,-53.676713,2.5972267,-0.45022304
1997,51.336484,-53.870021,2.5335371,-0.45179572
1998,51.588348,-54.058798,2.4704505,-0.45332888
1999,51.835053,-54.243069,2.4080164,-0.45482287
2000,52.076575,-54.422858,2.3462831,-0.45627803
2001,52.30791,-54.594499,2.2865889,-0.45766492
